연월,자치구,월별_확진자수
2020-01,강남구,0
2020-01,강동구,0
2020-01,강북구,0
2020-01,강서구,1
2020-01,관악구,0
2020-01,광진구,0
2020-01,구로구,0
2020-01,금천구,0
2020-01,노원구,0
2020-01,도봉구,0
2020-01,동대문구,0
2020-01,동작구,0
2020-01,마포구,1
2020-01,서대문구,0
2020-01,서초구,0
2020-01,성동구,0
2020-01,성북구,1
2020-01,송파구,0
2020-01,양천구,0
2020-01,영등포구,0
2020-01,용산구,0
2020-01,은평구,0
2020-01,종로구,3
2020-01,중구,0
2020-01,중랑구,1
2020-02,강남구,6
2020-02,강동구,4
2020-02,강북구,0
2020-02,강서구,1
2020-02,관악구,4
2020-02,광진구,1
2020-02,구로구,1
2020-02,금천구,1
2020-02,노원구,7
2020-02,도봉구,0
2020-02,동대문구,1
2020-02,동작구,1
2020-02,마포구,0
2020-02,서대문구,4
2020-02,서초구,4
2020-02,성동구,3
2020-02,성북구,1
2020-02,송파구,10
2020-02,양천구,1
2020-02,영등포구,1
2020-02,용산구,0
2020-02,은평구,7
2020-02,종로구,8
2020-02,중구,0
2020-02,중랑구,0
2020-03,강남구,35
2020-03,강동구,6
2020-03,강북구,5
2020-03,강서구,20
2020-03,관악구,29
2020-03,광진구,4
2020-03,구로구,33
2020-03,금천구,11
2020-03,노원구,13
2020-03,도봉구,6
2020-03,동대문구,25
2020-03,동작구,23
2020-03,마포구,16
2020-03,서대문구,9
2020-03,서초구,21
2020-03,성동구,3
2020-03,성북구,13
2020-03,송파구,17
2020-03,양천구,17
2020-03,영등포구,18
2020-03,용산구,11
2020-03,은평구,14
2020-03,종로구,4
2020-03,중구,5
2020-03,중랑구,12
2020-04,강남구,23
2020-04,강동구,3
2020-04,강북구,0
2020-04,강서구,4
2020-04,관악구,10
2020-04,광진구,3
2020-04,구로구,1
2020-04,금천구,0
2020-04,노원구,3
2020-04,도봉구,3
2020-04,동대문구,5
2020-04,동작구,7
2020-04,마포구,7
2020-04,서대문구,6
2020-04,서초구,13
2020-04,성동구,13
2020-04,성북구,9
2020-04,송파구,10
2020-04,양천구,3
2020-04,영등포구,4
2020-04,용산구,7
2020-04,은평구,7
2020-04,종로구,1
2020-04,중구,1
2020-04,중랑구,3
2020-05,강남구,11
2020-05,강동구,11
2020-05,강북구,9
2020-05,강서구,19
2020-05,관악구,16
2020-05,광진구,6
2020-05,구로구,6
2020-05,금천구,3
2020-05,노원구,8
2020-05,도봉구,10
2020-05,동대문구,3
2020-05,동작구,9
2020-05,마포구,3
2020-05,서대문구,8
2020-05,서초구,4
2020-05,성동구,21
2020-05,성북구,5
2020-05,송파구,11
2020-05,양천구,6
2020-05,영등포구,11
2020-05,용산구,20
2020-05,은평구,7
2020-05,종로구,3
2020-05,중구,3
2020-05,중랑구,3
2020-06,강남구,8
2020-06,강동구,11
2020-06,강북구,10
2020-06,강서구,33
2020-06,관악구,58
2020-06,광진구,3
2020-06,구로구,45
2020-06,금천구,17
2020-06,노원구,13
2020-06,도봉구,43
2020-06,동대문구,4
2020-06,동작구,13
2020-06,마포구,12
2020-06,서대문구,8
2020-06,서초구,14
2020-06,성동구,9
2020-06,성북구,4
2020-06,송파구,7
2020-06,양천구,43
2020-06,영등포구,29
2020-06,용산구,12
2020-06,은평구,18
2020-06,종로구,3
2020-06,중구,3
2020-06,중랑구,14
2020-07,강남구,15
2020-07,강동구,14
2020-07,강북구,4
2020-07,강서구,25
2020-07,관악구,27
2020-07,광진구,5
2020-07,구로구,5
2020-07,금천구,7
2020-07,노원구,6
2020-07,도봉구,2
2020-07,동대문구,6
2020-07,동작구,17
2020-07,마포구,13
2020-07,서대문구,6
2020-07,서초구,8
2020-07,성동구,8
2020-07,성북구,9
2020-07,송파구,44
2020-07,양천구,1
2020-07,영등포구,7
2020-07,용산구,4
2020-07,은평구,11
2020-07,종로구,6
2020-07,중구,8
2020-07,중랑구,11
2020-08,강남구,81
2020-08,강동구,92
2020-08,강북구,79
2020-08,강서구,109
2020-08,관악구,103
2020-08,광진구,74
2020-08,구로구,58
2020-08,금천구,34
2020-08,노원구,189
2020-08,도봉구,72
2020-08,동대문구,74
2020-08,동작구,106
2020-08,마포구,77
2020-08,서대문구,51
2020-08,서초구,78
2020-08,성동구,32
2020-08,성북구,241
2020-08,송파구,160
2020-08,양천구,76
2020-08,영등포구,67
2020-08,용산구,47
2020-08,은평구,121
2020-08,종로구,37
2020-08,중구,30
2020-08,중랑구,102
2020-09,강남구,91
2020-09,강동구,44
2020-09,강북구,37
2020-09,강서구,73
2020-09,관악구,138
2020-09,광진구,34
2020-09,구로구,34
2020-09,금천구,20
2020-09,노원구,63
2020-09,도봉구,70
2020-09,동대문구,34
2020-09,동작구,61
2020-09,마포구,33
2020-09,서대문구,35
2020-09,서초구,53
2020-09,성동구,31
2020-09,성북구,51
2020-09,송파구,80
2020-09,양천구,33
2020-09,영등포구,53
2020-09,용산구,22
2020-09,은평구,66
2020-09,종로구,23
2020-09,중구,8
2020-09,중랑구,42
2020-10,강남구,87
2020-10,강동구,19
2020-10,강북구,15
2020-10,강서구,22
2020-10,관악구,86
2020-10,광진구,11
2020-10,구로구,22
2020-10,금천구,5
2020-10,노원구,33
2020-10,도봉구,22
2020-10,동대문구,24
2020-10,동작구,28
2020-10,마포구,26
2020-10,서대문구,10
2020-10,서초구,39
2020-10,성동구,18
2020-10,성북구,17
2020-10,송파구,61
2020-10,양천구,13
2020-10,영등포구,18
2020-10,용산구,21
2020-10,은평구,19
2020-10,종로구,7
2020-10,중구,7
2020-10,중랑구,21
2020-11,강남구,156
2020-11,강동구,74
2020-11,강북구,41
2020-11,강서구,306
2020-11,관악구,74
2020-11,광진구,45
2020-11,구로구,72
2020-11,금천구,27
2020-11,노원구,145
2020-11,도봉구,91
2020-11,동대문구,127
2020-11,동작구,126
2020-11,마포구,104
2020-11,서대문구,123
2020-11,서초구,239
2020-11,성동구,82
2020-11,성북구,114
2020-11,송파구,210
2020-11,양천구,120
2020-11,영등포구,95
2020-11,용산구,83
2020-11,은평구,92
2020-11,종로구,31
2020-11,중구,43
2020-11,중랑구,85
2020-12,강남구,421
2020-12,강동구,301
2020-12,강북구,244
2020-12,강서구,726
2020-12,관악구,472
2020-12,광진구,275
2020-12,구로구,343
2020-12,금천구,197
2020-12,노원구,332
2020-12,도봉구,255
2020-12,동대문구,330
2020-12,동작구,418
2020-12,마포구,402
2020-12,서대문구,252
2020-12,서초구,353
2020-12,성동구,229
2020-12,성북구,347
2020-12,송파구,508
2020-12,양천구,411
2020-12,영등포구,389
2020-12,용산구,192
2020-12,은평구,424
2020-12,종로구,277
2020-12,중구,172
2020-12,중랑구,508
2021-01,강남구,225
2021-01,강동구,180
2021-01,강북구,176
2021-01,강서구,215
2021-01,관악구,162
2021-01,광진구,120
2021-01,구로구,183
2021-01,금천구,76
2021-01,노원구,211
2021-01,도봉구,173
2021-01,동대문구,235
2021-01,동작구,201
2021-01,마포구,154
2021-01,서대문구,145
2021-01,서초구,143
2021-01,성동구,137
2021-01,성북구,208
2021-01,송파구,241
2021-01,양천구,225
2021-01,영등포구,185
2021-01,용산구,106
2021-01,은평구,191
2021-01,종로구,112
2021-01,중구,75
2021-01,중랑구,202
2021-02,강남구,118
2021-02,강동구,163
2021-02,강북구,124
2021-02,강서구,96
2021-02,관악구,182
2021-02,광진구,155
2021-02,구로구,237
2021-02,금천구,69
2021-02,노원구,186
2021-02,도봉구,140
2021-02,동대문구,161
2021-02,동작구,156
2021-02,마포구,100
2021-02,서대문구,98
2021-02,서초구,107
2021-02,성동구,119
2021-02,성북구,209
2021-02,송파구,209
2021-02,양천구,140
2021-02,영등포구,181
2021-02,용산구,237
2021-02,은평구,163
2021-02,종로구,44
2021-02,중구,88
2021-02,중랑구,167
2021-03,강남구,241
2021-03,강동구,252
2021-03,강북구,125
2021-03,강서구,133
2021-03,관악구,129
2021-03,광진구,253
2021-03,구로구,128
2021-03,금천구,26
2021-03,노원구,211
2021-03,도봉구,112
2021-03,동대문구,115
2021-03,동작구,174
2021-03,마포구,105
2021-03,서대문구,68
2021-03,서초구,162
2021-03,성동구,145
2021-03,성북구,137
2021-03,송파구,208
2021-03,양천구,118
2021-03,영등포구,119
2021-03,용산구,129
2021-03,은평구,227
2021-03,종로구,62
2021-03,중구,81
2021-03,중랑구,198
2021-04,강남구,428
2021-04,강동구,253
2021-04,강북구,133
2021-04,강서구,217
2021-04,관악구,313
2021-04,광진구,238
2021-04,구로구,142
2021-04,금천구,84
2021-04,노원구,259
2021-04,도봉구,178
2021-04,동대문구,261
2021-04,동작구,276
2021-04,마포구,172
2021-04,서대문구,99
2021-04,서초구,360
2021-04,성동구,184
2021-04,성북구,207
2021-04,송파구,382
2021-04,양천구,174
2021-04,영등포구,210
2021-04,용산구,111
2021-04,은평구,339
2021-04,종로구,66
2021-04,중구,64
2021-04,중랑구,334
2021-05,강남구,529
2021-05,강동구,314
2021-05,강북구,266
2021-05,강서구,189
2021-05,관악구,226
2021-05,광진구,215
2021-05,구로구,183
2021-05,금천구,146
2021-05,노원구,354
2021-05,도봉구,220
2021-05,동대문구,232
2021-05,동작구,211
2021-05,마포구,165
2021-05,서대문구,183
2021-05,서초구,265
2021-05,성동구,170
2021-05,성북구,266
2021-05,송파구,439
2021-05,양천구,162
2021-05,영등포구,238
2021-05,용산구,157
2021-05,은평구,222
2021-05,종로구,71
2021-05,중구,81
2021-05,중랑구,276
2021-06,강남구,792
2021-06,강동구,284
2021-06,강북구,164
2021-06,강서구,213
2021-06,관악구,268
2021-06,광진구,236
2021-06,구로구,160
2021-06,금천구,103
2021-06,노원구,239
2021-06,도봉구,107
2021-06,동대문구,199
2021-06,동작구,228
2021-06,마포구,270
2021-06,서대문구,157
2021-06,서초구,353
2021-06,성동구,238
2021-06,성북구,232
2021-06,송파구,429
2021-06,양천구,186
2021-06,영등포구,269
2021-06,용산구,251
2021-06,은평구,213
2021-06,종로구,65
2021-06,중구,78
2021-06,중랑구,183
2021-07,강남구,1249
2021-07,강동구,523
2021-07,강북구,348
2021-07,강서구,576
2021-07,관악구,1133
2021-07,광진구,468
2021-07,구로구,566
2021-07,금천구,334
2021-07,노원구,575
2021-07,도봉구,374
2021-07,동대문구,370
2021-07,동작구,736
2021-07,마포구,641
2021-07,서대문구,409
2021-07,서초구,777
2021-07,성동구,479
2021-07,성북구,490
2021-07,송파구,832
2021-07,양천구,409
2021-07,영등포구,666
2021-07,용산구,482
2021-07,은평구,553
2021-07,종로구,205
2021-07,중구,209
2021-07,중랑구,417
2021-08,강남구,1287
2021-08,강동구,456
2021-08,강북구,333
2021-08,강서구,651
2021-08,관악구,1001
2021-08,광진구,531
2021-08,구로구,629
2021-08,금천구,374
2021-08,노원구,404
2021-08,도봉구,249
2021-08,동대문구,443
2021-08,동작구,680
2021-08,마포구,713
2021-08,서대문구,530
2021-08,서초구,673
2021-08,성동구,370
2021-08,성북구,516
2021-08,송파구,930
2021-08,양천구,599
2021-08,영등포구,841
2021-08,용산구,440
2021-08,은평구,718
2021-08,종로구,233
2021-08,중구,245
2021-08,중랑구,539
2021-09,강남구,1224
2021-09,강동구,884
2021-09,강북구,567
2021-09,강서구,895
2021-09,관악구,1064
2021-09,광진구,891
2021-09,구로구,1424
2021-09,금천구,595
2021-09,노원구,715
2021-09,도봉구,523
2021-09,동대문구,957
2021-09,동작구,708
2021-09,마포구,765
2021-09,서대문구,547
2021-09,서초구,641
2021-09,성동구,593
2021-09,성북구,780
2021-09,송파구,1696
2021-09,양천구,613
2021-09,영등포구,1130
2021-09,용산구,416
2021-09,은평구,931
2021-09,종로구,405
2021-09,중구,544
2021-09,중랑구,662
2021-10,강남구,905
2021-10,강동구,938
2021-10,강북구,648
2021-10,강서구,711
2021-10,관악구,802
2021-10,광진구,484
2021-10,구로구,1566
2021-10,금천구,656
2021-10,노원구,819
2021-10,도봉구,546
2021-10,동대문구,928
2021-10,동작구,661
2021-10,마포구,562
2021-10,서대문구,424
2021-10,서초구,483
2021-10,성동구,437
2021-10,성북구,838
2021-10,송파구,994
2021-10,양천구,506
2021-10,영등포구,1016
2021-10,용산구,429
2021-10,은평구,711
2021-10,종로구,495
2021-10,중구,356
2021-10,중랑구,640
2021-11,강남구,1286
2021-11,강동구,1582
2021-11,강북구,1161
2021-11,강서구,1771
2021-11,관악구,1809
2021-11,광진구,981
2021-11,구로구,2020
2021-11,금천구,1179
2021-11,노원구,1639
2021-11,도봉구,1097
2021-11,동대문구,1700
2021-11,동작구,1461
2021-11,마포구,1039
2021-11,서대문구,946
2021-11,서초구,1082
2021-11,성동구,850
2021-11,성북구,1741
2021-11,송파구,2025
2021-11,양천구,1493
2021-11,영등포구,1989
2021-11,용산구,694
2021-11,은평구,1606
2021-11,종로구,656
2021-11,중구,611
2021-11,중랑구,1272
2021-12,강남구,3305
2021-12,강동구,2899
2021-12,강북구,2243
2021-12,강서구,3499
2021-12,관악구,3207
2021-12,광진구,2019
2021-12,구로구,2840
2021-12,금천구,1869
2021-12,노원구,3330
2021-12,도봉구,2430
2021-12,동대문구,3219
2021-12,동작구,2525
2021-12,마포구,2229
2021-12,서대문구,2082
2021-12,서초구,2488
2021-12,성동구,1576
2021-12,성북구,3108
2021-12,송파구,4218
2021-12,양천구,2685
2021-12,영등포구,2994
2021-12,용산구,1438
2021-12,은평구,3052
2021-12,종로구,1169
2021-12,중구,980
2021-12,중랑구,2839
2022-01,강남구,3660
2022-01,강동구,2284
2022-01,강북구,1183
2022-01,강서구,2305
2022-01,관악구,3108
2022-01,광진구,2165
2022-01,구로구,2093
2022-01,금천구,1126
2022-01,노원구,2615
2022-01,도봉구,1392
2022-01,동대문구,1907
2022-01,동작구,2107
2022-01,마포구,2078
2022-01,서대문구,1561
2022-01,서초구,2418
2022-01,성동구,1503
2022-01,성북구,2254
2022-01,송파구,3528
2022-01,양천구,2384
2022-01,영등포구,2015
2022-01,용산구,1479
2022-01,은평구,1860
2022-01,종로구,776
2022-01,중구,793
2022-01,중랑구,1886
2022-02,강남구,28000
2022-02,강동구,25971
2022-02,강북구,14235
2022-02,강서구,28855
2022-02,관악구,24530
2022-02,광진구,19307
2022-02,구로구,19624
2022-02,금천구,11379
2022-02,노원구,26659
2022-02,도봉구,16043
2022-02,동대문구,17839
2022-02,동작구,20265
2022-02,마포구,19294
2022-02,서대문구,14063
2022-02,서초구,20885
2022-02,성동구,16217
2022-02,성북구,22298
2022-02,송파구,35871
2022-02,양천구,23151
2022-02,영등포구,19754
2022-02,용산구,10253
2022-02,은평구,22188
2022-02,종로구,6571
2022-02,중구,5811
2022-02,중랑구,19493
2022-03,강남구,97205
2022-03,강동구,90472
2022-03,강북구,56031
2022-03,강서구,113042
2022-03,관악구,98854
2022-03,광진구,71385
2022-03,구로구,82356
2022-03,금천구,48007
2022-03,노원구,102316
2022-03,도봉구,60510
2022-03,동대문구,69993
2022-03,동작구,79288
2022-03,마포구,72315
2022-03,서대문구,61796
2022-03,서초구,77427
2022-03,성동구,60575
2022-03,성북구,87341
2022-03,송파구,130165
2022-03,양천구,87217
2022-03,영등포구,81961
2022-03,용산구,40436
2022-03,은평구,90485
2022-03,종로구,27350
2022-03,중구,24690
2022-03,중랑구,77447
2022-04,강남구,33731
2022-04,강동구,31358
2022-04,강북구,18567
2022-04,강서구,40484
2022-04,관악구,33723
2022-04,광진구,22904
2022-04,구로구,28239
2022-04,금천구,15652
2022-04,노원구,35042
2022-04,도봉구,20152
2022-04,동대문구,22050
2022-04,동작구,26775
2022-04,마포구,24970
2022-04,서대문구,20266
2022-04,서초구,26654
2022-04,성동구,18509
2022-04,성북구,28517
2022-04,송파구,42941
2022-04,양천구,30827
2022-04,영등포구,27943
2022-04,용산구,13473
2022-04,은평구,31367
2022-04,종로구,8146
2022-04,중구,7511
2022-04,중랑구,24111
2022-05,강남구,7975
2022-05,강동구,5846
2022-05,강북구,3031
2022-05,강서구,7332
2022-05,관악구,6275
2022-05,광진구,4635
2022-05,구로구,4757
2022-05,금천구,2685
2022-05,노원구,7019
2022-05,도봉구,3679
2022-05,동대문구,4310
2022-05,동작구,5293
2022-05,마포구,5064
2022-05,서대문구,4199
2022-05,서초구,5945
2022-05,성동구,3796
2022-05,성북구,5494
2022-05,송파구,8397
2022-05,양천구,6020
2022-05,영등포구,5171
2022-05,용산구,3102
2022-05,은평구,6000
2022-05,종로구,1713
2022-05,중구,1587
2022-05,중랑구,4323
2022-06,강남구,3472
2022-06,강동구,1917
2022-06,강북구,970
2022-06,강서구,2907
2022-06,관악구,2308
2022-06,광진구,1624
2022-06,구로구,1454
2022-06,금천구,885
2022-06,노원구,2317
2022-06,도봉구,971
2022-06,동대문구,1275
2022-06,동작구,1884
2022-06,마포구,2237
2022-06,서대문구,1490
2022-06,서초구,2427
2022-06,성동구,1552
2022-06,성북구,2080
2022-06,송파구,3502
2022-06,양천구,1919
2022-06,영등포구,1907
2022-06,용산구,1403
2022-06,은평구,1967
2022-06,종로구,675
2022-06,중구,651
2022-06,중랑구,1388
2022-07,강남구,19019
2022-07,강동구,14064
2022-07,강북구,7165
2022-07,강서구,18615
2022-07,관악구,16215
2022-07,광진구,11271
2022-07,구로구,10742
2022-07,금천구,5401
2022-07,노원구,15752
2022-07,도봉구,8295
2022-07,동대문구,9453
2022-07,동작구,12316
2022-07,마포구,13350
2022-07,서대문구,10235
2022-07,서초구,15087
2022-07,성동구,8481
2022-07,성북구,12660
2022-07,송파구,22238
2022-07,양천구,13245
2022-07,영등포구,12482
2022-07,용산구,7623
2022-07,은평구,14539
2022-07,종로구,4604
2022-07,중구,3923
2022-07,중랑구,9781
2022-08,강남구,29501
2022-08,강동구,27264
2022-08,강북구,15930
2022-08,강서구,34216
2022-08,관악구,30316
2022-08,광진구,20003
2022-08,구로구,23889
2022-08,금천구,13572
2022-08,노원구,30326
2022-08,도봉구,17385
2022-08,동대문구,18073
2022-08,동작구,23651
2022-08,마포구,22452
2022-08,서대문구,18937
2022-08,서초구,23019
2022-08,성동구,15952
2022-08,성북구,24430
2022-08,송파구,38690
2022-08,양천구,25593
2022-08,영등포구,23890
2022-08,용산구,12530
2022-08,은평구,27251
2022-08,종로구,7506
2022-08,중구,6905
2022-08,중랑구,21318
2022-09,강남구,12203
2022-09,강동구,12228
2022-09,강북구,7459
2022-09,강서구,15497
2022-09,관악구,13419
2022-09,광진구,8911
2022-09,구로구,11350
2022-09,금천구,6310
2022-09,노원구,13848
2022-09,도봉구,7837
2022-09,동대문구,8721
2022-09,동작구,10642
2022-09,마포구,9412
2022-09,서대문구,7974
2022-09,서초구,9565
2022-09,성동구,6858
2022-09,성북구,11262
2022-09,송파구,16486
2022-09,양천구,11806
2022-09,영등포구,10781
2022-09,용산구,5053
2022-09,은평구,12271
2022-09,종로구,3327
2022-09,중구,2938
2022-09,중랑구,9626
2022-10,강남구,8326
2022-10,강동구,7712
2022-10,강북구,4420
2022-10,강서구,10417
2022-10,관악구,8074
2022-10,광진구,5407
2022-10,구로구,6365
2022-10,금천구,3436
2022-10,노원구,8503
2022-10,도봉구,5293
2022-10,동대문구,5315
2022-10,동작구,6616
2022-10,마포구,6609
2022-10,서대문구,5141
2022-10,서초구,6098
2022-10,성동구,4742
2022-10,성북구,7254
2022-10,송파구,10970
2022-10,양천구,7358
2022-10,영등포구,6327
2022-10,용산구,3215
2022-10,은평구,7994
2022-10,종로구,2210
2022-10,중구,2015
2022-10,중랑구,5939
2022-11,강남구,15315
2022-11,강동구,14392
2022-11,강북구,8403
2022-11,강서구,17600
2022-11,관악구,14488
2022-11,광진구,9837
2022-11,구로구,11469
2022-11,금천구,6421
2022-11,노원구,16103
2022-11,도봉구,8608
2022-11,동대문구,9731
2022-11,동작구,11150
2022-11,마포구,11286
2022-11,서대문구,9566
2022-11,서초구,11546
2022-11,성동구,8645
2022-11,성북구,13789
2022-11,송파구,19699
2022-11,양천구,13320
2022-11,영등포구,11468
2022-11,용산구,6152
2022-11,은평구,13947
2022-11,종로구,4219
2022-11,중구,3569
2022-11,중랑구,11161
2022-12,강남구,18724
2022-12,강동구,17008
2022-12,강북구,8890
2022-12,강서구,23130
2022-12,관악구,18197
2022-12,광진구,11680
2022-12,구로구,14406
2022-12,금천구,7861
2022-12,노원구,17421
2022-12,도봉구,9561
2022-12,동대문구,10788
2022-12,동작구,14431
2022-12,마포구,14103
2022-12,서대문구,10871
2022-12,서초구,14103
2022-12,성동구,9495
2022-12,성북구,14826
2022-12,송파구,24520
2022-12,양천구,16387
2022-12,영등포구,14769
2022-12,용산구,7161
2022-12,은평구,16776
2022-12,종로구,4812
2022-12,중구,4152
2022-12,중랑구,12901
2023-01,강남구,8870
2023-01,강동구,8692
2023-01,강북구,5146
2023-01,강서구,12363
2023-01,관악구,9813
2023-01,광진구,6250
2023-01,구로구,7733
2023-01,금천구,4450
2023-01,노원구,9380
2023-01,도봉구,5237
2023-01,동대문구,6281
2023-01,동작구,7621
2023-01,마포구,7321
2023-01,서대문구,5963
2023-01,서초구,7162
2023-01,성동구,5226
2023-01,성북구,7451
2023-01,송파구,12628
2023-01,양천구,8350
2023-01,영등포구,7739
2023-01,용산구,3725
2023-01,은평구,9298
2023-01,종로구,2466
2023-01,중구,2265
2023-01,중랑구,7106
2023-02,강남구,2994
2023-02,강동구,2803
2023-02,강북구,1613
2023-02,강서구,3513
2023-02,관악구,2964
2023-02,광진구,1973
2023-02,구로구,2142
2023-02,금천구,1363
2023-02,노원구,2774
2023-02,도봉구,1449
2023-02,동대문구,2073
2023-02,동작구,2306
2023-02,마포구,2124
2023-02,서대문구,1662
2023-02,서초구,2092
2023-02,성동구,1465
2023-02,성북구,2446
2023-02,송파구,3973
2023-02,양천구,2345
2023-02,영등포구,2228
2023-02,용산구,1077
2023-02,은평구,2842
2023-02,종로구,806
2023-02,중구,685
2023-02,중랑구,2175
2023-03,강남구,3562
2023-03,강동구,3066
2023-03,강북구,1568
2023-03,강서구,3646
2023-03,관악구,3136
2023-03,광진구,2143
2023-03,구로구,2241
2023-03,금천구,1119
2023-03,노원구,3106
2023-03,도봉구,1693
2023-03,동대문구,2127
2023-03,동작구,2560
2023-03,마포구,2484
2023-03,서대문구,1791
2023-03,서초구,2700
2023-03,성동구,1640
2023-03,성북구,2857
2023-03,송파구,4300
2023-03,양천구,2633
2023-03,영등포구,2389
2023-03,용산구,1371
2023-03,은평구,2887
2023-03,종로구,914
2023-03,중구,828
2023-03,중랑구,2258
2023-04,강남구,4300
2023-04,강동구,3812
2023-04,강북구,2255
2023-04,강서구,4894
2023-04,관악구,4869
2023-04,광진구,3040
2023-04,구로구,3098
2023-04,금천구,1698
2023-04,노원구,4485
2023-04,도봉구,2431
2023-04,동대문구,2973
2023-04,동작구,3103
2023-04,마포구,3235
2023-04,서대문구,2753
2023-04,서초구,3132
2023-04,성동구,2311
2023-04,성북구,3617
2023-04,송파구,5476
2023-04,양천구,3545
2023-04,영등포구,3415
2023-04,용산구,1781
2023-04,은평구,4205
2023-04,종로구,1298
2023-04,중구,1240
2023-04,중랑구,3256
2023-05,강남구,6769
2023-05,강동구,5380
2023-05,강북구,3546
2023-05,강서구,7425
2023-05,관악구,6576
2023-05,광진구,4176
2023-05,구로구,5304
2023-05,금천구,2950
2023-05,노원구,6199
2023-05,도봉구,3730
2023-05,동대문구,4536
2023-05,동작구,5109
2023-05,마포구,5005
2023-05,서대문구,3913
2023-05,서초구,4901
2023-05,성동구,3776
2023-05,성북구,5208
2023-05,송파구,9061
2023-05,양천구,5202
2023-05,영등포구,5445
2023-05,용산구,2617
2023-05,은평구,6329
2023-05,종로구,1769
2023-05,중구,1666
2023-05,중랑구,4378
2023-06,강남구,5327
2023-06,강동구,4441
2023-06,강북구,2903
2023-06,강서구,6381
2023-06,관악구,5433
2023-06,광진구,3311
2023-06,구로구,4281
2023-06,금천구,2132
2023-06,노원구,5281
2023-06,도봉구,3338
2023-06,동대문구,3643
2023-06,동작구,4246
2023-06,마포구,4200
2023-06,서대문구,3343
2023-06,서초구,3793
2023-06,성동구,2793
2023-06,성북구,4369
2023-06,송파구,6910
2023-06,양천구,4293
2023-06,영등포구,4301
2023-06,용산구,2217
2023-06,은평구,5521
2023-06,종로구,1611
2023-06,중구,1337
2023-06,중랑구,3686
2023-07,강남구,9169
2023-07,강동구,8640
2023-07,강북구,5334
2023-07,강서구,10865
2023-07,관악구,10306
2023-07,광진구,6262
2023-07,구로구,7499
2023-07,금천구,3934
2023-07,노원구,8810
2023-07,도봉구,5692
2023-07,동대문구,6285
2023-07,동작구,7567
2023-07,마포구,7169
2023-07,서대문구,5791
2023-07,서초구,6828
2023-07,성동구,5173
2023-07,성북구,7804
2023-07,송파구,12321
2023-07,양천구,7621
2023-07,영등포구,7662
2023-07,용산구,3807
2023-07,은평구,9333
2023-07,종로구,2678
2023-07,중구,2314
2023-07,중랑구,6880
2023-08,강남구,11437
2023-08,강동구,11188
2023-08,강북구,6257
2023-08,강서구,14638
2023-08,관악구,12580
2023-08,광진구,7906
2023-08,구로구,9571
2023-08,금천구,5178
2023-08,노원구,11675
2023-08,도봉구,7132
2023-08,동대문구,7458
2023-08,동작구,9379
2023-08,마포구,8740
2023-08,서대문구,6973
2023-08,서초구,8411
2023-08,성동구,6592
2023-08,성북구,9101
2023-08,송파구,15051
2023-08,양천구,10445
2023-08,영등포구,9666
2023-08,용산구,4719
2023-08,은평구,11743
2023-08,종로구,2992
2023-08,중구,2828
2023-08,중랑구,8947
