연월,자치구,연도,월,PM_사고건수,사망자수,중상자수,경상자수,부상신고자수,총부상자수,총사상자수,중상이상자수,PM_가해사고건수,PM_피해사고건수,야간사고건수
2019-01,강남구,2019,1,1,0,1,0,0,1,1,1,0,1,1
2019-01,강동구,2019,1,1,0,0,1,0,1,1,0,0,1,0
2019-01,강북구,2019,1,0,0,0,0,0,0,0,0,0,0,0
2019-01,강서구,2019,1,0,0,0,0,0,0,0,0,0,0,0
2019-01,관악구,2019,1,0,0,0,0,0,0,0,0,0,0,0
2019-01,광진구,2019,1,0,0,0,0,0,0,0,0,0,0,0
2019-01,구로구,2019,1,0,0,0,0,0,0,0,0,0,0,0
2019-01,금천구,2019,1,1,0,0,0,1,1,1,0,1,0,0
2019-01,노원구,2019,1,0,0,0,0,0,0,0,0,0,0,0
2019-01,도봉구,2019,1,1,0,1,0,0,1,1,1,0,1,1
2019-01,동대문구,2019,1,1,0,0,1,0,1,1,0,1,0,0
2019-01,동작구,2019,1,0,0,0,0,0,0,0,0,0,0,0
2019-01,마포구,2019,1,1,0,0,1,0,1,1,0,0,1,0
2019-01,서대문구,2019,1,0,0,0,0,0,0,0,0,0,0,0
2019-01,서초구,2019,1,0,0,0,0,0,0,0,0,0,0,0
2019-01,성동구,2019,1,0,0,0,0,0,0,0,0,0,0,0
2019-01,성북구,2019,1,0,0,0,0,0,0,0,0,0,0,0
2019-01,송파구,2019,1,0,0,0,0,0,0,0,0,0,0,0
2019-01,양천구,2019,1,0,0,0,0,0,0,0,0,0,0,0
2019-01,영등포구,2019,1,1,0,0,1,0,1,1,0,0,1,1
2019-01,용산구,2019,1,0,0,0,0,0,0,0,0,0,0,0
2019-01,은평구,2019,1,1,0,1,0,0,1,1,1,1,0,0
2019-01,종로구,2019,1,0,0,0,0,0,0,0,0,0,0,0
2019-01,중구,2019,1,0,0,0,0,0,0,0,0,0,0,0
2019-01,중랑구,2019,1,0,0,0,0,0,0,0,0,0,0,0
2019-02,강남구,2019,2,1,0,2,0,0,2,2,2,1,0,1
2019-02,강동구,2019,2,0,0,0,0,0,0,0,0,0,0,0
2019-02,강북구,2019,2,0,0,0,0,0,0,0,0,0,0,0
2019-02,강서구,2019,2,1,0,0,1,0,1,1,0,0,1,1
2019-02,관악구,2019,2,0,0,0,0,0,0,0,0,0,0,0
2019-02,광진구,2019,2,0,0,0,0,0,0,0,0,0,0,0
2019-02,구로구,2019,2,1,0,0,1,0,1,1,0,0,1,1
2019-02,금천구,2019,2,0,0,0,0,0,0,0,0,0,0,0
2019-02,노원구,2019,2,0,0,0,0,0,0,0,0,0,0,0
2019-02,도봉구,2019,2,1,0,0,1,0,1,1,0,1,0,0
2019-02,동대문구,2019,2,0,0,0,0,0,0,0,0,0,0,0
2019-02,동작구,2019,2,0,0,0,0,0,0,0,0,0,0,0
2019-02,마포구,2019,2,1,0,0,1,0,1,1,0,0,1,0
2019-02,서대문구,2019,2,0,0,0,0,0,0,0,0,0,0,0
2019-02,서초구,2019,2,0,0,0,0,0,0,0,0,0,0,0
2019-02,성동구,2019,2,0,0,0,0,0,0,0,0,0,0,0
2019-02,성북구,2019,2,0,0,0,0,0,0,0,0,0,0,0
2019-02,송파구,2019,2,0,0,0,0,0,0,0,0,0,0,0
2019-02,양천구,2019,2,0,0,0,0,0,0,0,0,0,0,0
2019-02,영등포구,2019,2,0,0,0,0,0,0,0,0,0,0,0
2019-02,용산구,2019,2,0,0,0,0,0,0,0,0,0,0,0
2019-02,은평구,2019,2,0,0,0,0,0,0,0,0,0,0,0
2019-02,종로구,2019,2,0,0,0,0,0,0,0,0,0,0,0
2019-02,중구,2019,2,0,0,0,0,0,0,0,0,0,0,0
2019-02,중랑구,2019,2,0,0,0,0,0,0,0,0,0,0,0
2019-03,강남구,2019,3,0,0,0,0,0,0,0,0,0,0,0
2019-03,강동구,2019,3,0,0,0,0,0,0,0,0,0,0,0
2019-03,강북구,2019,3,1,0,1,0,0,1,1,1,0,1,0
2019-03,강서구,2019,3,0,0,0,0,0,0,0,0,0,0,0
2019-03,관악구,2019,3,0,0,0,0,0,0,0,0,0,0,0
2019-03,광진구,2019,3,0,0,0,0,0,0,0,0,0,0,0
2019-03,구로구,2019,3,1,0,1,0,0,1,1,1,1,0,0
2019-03,금천구,2019,3,0,0,0,0,0,0,0,0,0,0,0
2019-03,노원구,2019,3,0,0,0,0,0,0,0,0,0,0,0
2019-03,도봉구,2019,3,0,0,0,0,0,0,0,0,0,0,0
2019-03,동대문구,2019,3,0,0,0,0,0,0,0,0,0,0,0
2019-03,동작구,2019,3,0,0,0,0,0,0,0,0,0,0,0
2019-03,마포구,2019,3,0,0,0,0,0,0,0,0,0,0,0
2019-03,서대문구,2019,3,0,0,0,0,0,0,0,0,0,0,0
2019-03,서초구,2019,3,1,0,1,1,0,2,2,1,1,0,0
2019-03,성동구,2019,3,0,0,0,0,0,0,0,0,0,0,0
2019-03,성북구,2019,3,0,0,0,0,0,0,0,0,0,0,0
2019-03,송파구,2019,3,0,0,0,0,0,0,0,0,0,0,0
2019-03,양천구,2019,3,0,0,0,0,0,0,0,0,0,0,0
2019-03,영등포구,2019,3,1,0,0,1,0,1,1,0,0,1,1
2019-03,용산구,2019,3,0,0,0,0,0,0,0,0,0,0,0
2019-03,은평구,2019,3,0,0,0,0,0,0,0,0,0,0,0
2019-03,종로구,2019,3,0,0,0,0,0,0,0,0,0,0,0
2019-03,중구,2019,3,0,0,0,0,0,0,0,0,0,0,0
2019-03,중랑구,2019,3,0,0,0,0,0,0,0,0,0,0,0
2019-04,강남구,2019,4,0,0,0,0,0,0,0,0,0,0,0
2019-04,강동구,2019,4,1,0,0,1,0,1,1,0,0,1,1
2019-04,강북구,2019,4,0,0,0,0,0,0,0,0,0,0,0
2019-04,강서구,2019,4,0,0,0,0,0,0,0,0,0,0,0
2019-04,관악구,2019,4,0,0,0,0,0,0,0,0,0,0,0
2019-04,광진구,2019,4,0,0,0,0,0,0,0,0,0,0,0
2019-04,구로구,2019,4,0,0,0,0,0,0,0,0,0,0,0
2019-04,금천구,2019,4,0,0,0,0,0,0,0,0,0,0,0
2019-04,노원구,2019,4,0,0,0,0,0,0,0,0,0,0,0
2019-04,도봉구,2019,4,1,0,0,1,0,1,1,0,0,1,1
2019-04,동대문구,2019,4,0,0,0,0,0,0,0,0,0,0,0
2019-04,동작구,2019,4,1,0,0,0,1,1,1,0,1,0,0
2019-04,마포구,2019,4,0,0,0,0,0,0,0,0,0,0,0
2019-04,서대문구,2019,4,0,0,0,0,0,0,0,0,0,0,0
2019-04,서초구,2019,4,0,0,0,0,0,0,0,0,0,0,0
2019-04,성동구,2019,4,1,0,0,0,1,1,1,0,1,0,1
2019-04,성북구,2019,4,0,0,0,0,0,0,0,0,0,0,0
2019-04,송파구,2019,4,1,0,0,1,0,1,1,0,0,1,1
2019-04,양천구,2019,4,0,0,0,0,0,0,0,0,0,0,0
2019-04,영등포구,2019,4,0,0,0,0,0,0,0,0,0,0,0
2019-04,용산구,2019,4,0,0,0,0,0,0,0,0,0,0,0
2019-04,은평구,2019,4,1,0,0,1,0,1,1,0,0,1,1
2019-04,종로구,2019,4,0,0,0,0,0,0,0,0,0,0,0
2019-04,중구,2019,4,1,0,0,1,0,1,1,0,1,0,0
2019-04,중랑구,2019,4,0,0,0,0,0,0,0,0,0,0,0
2019-05,강남구,2019,5,5,0,1,4,0,5,5,1,2,3,2
2019-05,강동구,2019,5,1,0,1,0,0,1,1,1,0,1,0
2019-05,강북구,2019,5,1,0,1,0,0,1,1,1,0,1,0
2019-05,강서구,2019,5,1,0,1,0,0,1,1,1,0,1,0
2019-05,관악구,2019,5,0,0,0,0,0,0,0,0,0,0,0
2019-05,광진구,2019,5,0,0,0,0,0,0,0,0,0,0,0
2019-05,구로구,2019,5,4,0,0,4,0,4,4,0,0,4,3
2019-05,금천구,2019,5,1,0,0,1,0,1,1,0,0,1,1
2019-05,노원구,2019,5,0,0,0,0,0,0,0,0,0,0,0
2019-05,도봉구,2019,5,0,0,0,0,0,0,0,0,0,0,0
2019-05,동대문구,2019,5,1,0,0,1,0,1,1,0,1,0,0
2019-05,동작구,2019,5,0,0,0,0,0,0,0,0,0,0,0
2019-05,마포구,2019,5,1,0,0,1,0,1,1,0,0,1,0
2019-05,서대문구,2019,5,1,0,0,1,0,1,1,0,0,1,1
2019-05,서초구,2019,5,1,0,0,1,0,1,1,0,0,1,1
2019-05,성동구,2019,5,0,0,0,0,0,0,0,0,0,0,0
2019-05,성북구,2019,5,0,0,0,0,0,0,0,0,0,0,0
2019-05,송파구,2019,5,2,0,2,0,0,2,2,2,0,2,1
2019-05,양천구,2019,5,1,0,0,0,1,1,1,0,1,0,0
2019-05,영등포구,2019,5,1,0,1,0,0,1,1,1,1,0,0
2019-05,용산구,2019,5,0,0,0,0,0,0,0,0,0,0,0
2019-05,은평구,2019,5,1,0,1,0,0,1,1,1,1,0,1
2019-05,종로구,2019,5,0,0,0,0,0,0,0,0,0,0,0
2019-05,중구,2019,5,1,0,0,1,0,1,1,0,0,1,1
2019-05,중랑구,2019,5,1,0,0,1,0,1,1,0,1,0,0
2019-06,강남구,2019,6,5,0,1,3,1,5,5,1,3,2,1
2019-06,강동구,2019,6,0,0,0,0,0,0,0,0,0,0,0
2019-06,강북구,2019,6,0,0,0,0,0,0,0,0,0,0,0
2019-06,강서구,2019,6,1,0,0,1,0,1,1,0,1,0,1
2019-06,관악구,2019,6,0,0,0,0,0,0,0,0,0,0,0
2019-06,광진구,2019,6,1,0,0,1,0,1,1,0,1,0,0
2019-06,구로구,2019,6,0,0,0,0,0,0,0,0,0,0,0
2019-06,금천구,2019,6,0,0,0,0,0,0,0,0,0,0,0
2019-06,노원구,2019,6,0,0,0,0,0,0,0,0,0,0,0
2019-06,도봉구,2019,6,0,0,0,0,0,0,0,0,0,0,0
2019-06,동대문구,2019,6,1,0,1,0,0,1,1,1,0,1,0
2019-06,동작구,2019,6,0,0,0,0,0,0,0,0,0,0,0
2019-06,마포구,2019,6,1,0,0,1,0,1,1,0,1,0,0
2019-06,서대문구,2019,6,0,0,0,0,0,0,0,0,0,0,0
2019-06,서초구,2019,6,1,0,0,1,0,1,1,0,1,0,0
2019-06,성동구,2019,6,1,0,0,1,0,1,1,0,1,0,0
2019-06,성북구,2019,6,0,0,0,0,0,0,0,0,0,0,0
2019-06,송파구,2019,6,2,0,0,3,0,3,3,0,1,1,1
2019-06,양천구,2019,6,1,0,0,1,0,1,1,0,0,1,0
2019-06,영등포구,2019,6,0,0,0,0,0,0,0,0,0,0,0
2019-06,용산구,2019,6,0,0,0,0,0,0,0,0,0,0,0
2019-06,은평구,2019,6,0,0,0,0,0,0,0,0,0,0,0
2019-06,종로구,2019,6,0,0,0,0,0,0,0,0,0,0,0
2019-06,중구,2019,6,1,0,1,0,0,1,1,1,1,0,1
2019-06,중랑구,2019,6,0,0,0,0,0,0,0,0,0,0,0
2019-07,강남구,2019,7,8,0,2,5,1,8,8,2,4,4,3
2019-07,강동구,2019,7,0,0,0,0,0,0,0,0,0,0,0
2019-07,강북구,2019,7,0,0,0,0,0,0,0,0,0,0,0
2019-07,강서구,2019,7,0,0,0,0,0,0,0,0,0,0,0
2019-07,관악구,2019,7,0,0,0,0,0,0,0,0,0,0,0
2019-07,광진구,2019,7,0,0,0,0,0,0,0,0,0,0,0
2019-07,구로구,2019,7,0,0,0,0,0,0,0,0,0,0,0
2019-07,금천구,2019,7,1,0,1,0,0,1,1,1,1,0,1
2019-07,노원구,2019,7,0,0,0,0,0,0,0,0,0,0,0
2019-07,도봉구,2019,7,0,0,0,0,0,0,0,0,0,0,0
2019-07,동대문구,2019,7,1,0,1,0,0,1,1,1,1,0,0
2019-07,동작구,2019,7,0,0,0,0,0,0,0,0,0,0,0
2019-07,마포구,2019,7,1,0,0,1,0,1,1,0,0,1,1
2019-07,서대문구,2019,7,0,0,0,0,0,0,0,0,0,0,0
2019-07,서초구,2019,7,3,0,0,3,0,3,3,0,2,1,1
2019-07,성동구,2019,7,1,0,0,1,0,1,1,0,0,1,1
2019-07,성북구,2019,7,0,0,0,0,0,0,0,0,0,0,0
2019-07,송파구,2019,7,1,0,1,0,0,1,1,1,1,0,0
2019-07,양천구,2019,7,1,0,0,0,1,1,1,0,0,1,1
2019-07,영등포구,2019,7,1,0,1,0,0,1,1,1,1,0,0
2019-07,용산구,2019,7,0,0,0,0,0,0,0,0,0,0,0
2019-07,은평구,2019,7,1,0,0,0,1,1,1,0,0,1,0
2019-07,종로구,2019,7,0,0,0,0,0,0,0,0,0,0,0
2019-07,중구,2019,7,0,0,0,0,0,0,0,0,0,0,0
2019-07,중랑구,2019,7,0,0,0,0,0,0,0,0,0,0,0
2019-08,강남구,2019,8,6,0,3,2,1,6,6,3,4,2,3
2019-08,강동구,2019,8,0,0,0,0,0,0,0,0,0,0,0
2019-08,강북구,2019,8,2,0,1,1,0,2,2,1,1,1,0
2019-08,강서구,2019,8,0,0,0,0,0,0,0,0,0,0,0
2019-08,관악구,2019,8,2,0,1,1,0,2,2,1,1,1,1
2019-08,광진구,2019,8,4,0,1,4,0,5,5,1,4,0,3
2019-08,구로구,2019,8,1,0,0,1,0,1,1,0,1,0,1
2019-08,금천구,2019,8,0,0,0,0,0,0,0,0,0,0,0
2019-08,노원구,2019,8,1,0,0,1,0,1,1,0,1,0,1
2019-08,도봉구,2019,8,0,0,0,0,0,0,0,0,0,0,0
2019-08,동대문구,2019,8,1,0,0,1,0,1,1,0,0,1,0
2019-08,동작구,2019,8,0,0,0,0,0,0,0,0,0,0,0
2019-08,마포구,2019,8,1,0,0,1,0,1,1,0,1,0,0
2019-08,서대문구,2019,8,3,0,0,2,1,3,3,0,3,0,1
2019-08,서초구,2019,8,1,0,0,1,0,1,1,0,0,1,0
2019-08,성동구,2019,8,1,0,0,0,1,1,1,0,1,0,0
2019-08,성북구,2019,8,0,0,0,0,0,0,0,0,0,0,0
2019-08,송파구,2019,8,0,0,0,0,0,0,0,0,0,0,0
2019-08,양천구,2019,8,0,0,0,0,0,0,0,0,0,0,0
2019-08,영등포구,2019,8,2,0,0,2,0,2,2,0,2,0,1
2019-08,용산구,2019,8,1,0,1,0,0,1,1,1,0,1,1
2019-08,은평구,2019,8,0,0,0,0,0,0,0,0,0,0,0
2019-08,종로구,2019,8,0,0,0,0,0,0,0,0,0,0,0
2019-08,중구,2019,8,0,0,0,0,0,0,0,0,0,0,0
2019-08,중랑구,2019,8,1,0,0,1,0,1,1,0,1,0,1
2019-09,강남구,2019,9,8,0,2,5,2,9,9,2,5,3,2
2019-09,강동구,2019,9,0,0,0,0,0,0,0,0,0,0,0
2019-09,강북구,2019,9,0,0,0,0,0,0,0,0,0,0,0
2019-09,강서구,2019,9,0,0,0,0,0,0,0,0,0,0,0
2019-09,관악구,2019,9,1,0,0,1,0,1,1,0,0,1,1
2019-09,광진구,2019,9,2,0,1,1,0,2,2,1,2,0,1
2019-09,구로구,2019,9,2,0,0,2,0,2,2,0,1,1,2
2019-09,금천구,2019,9,0,0,0,0,0,0,0,0,0,0,0
2019-09,노원구,2019,9,1,0,0,1,0,1,1,0,1,0,1
2019-09,도봉구,2019,9,0,0,0,0,0,0,0,0,0,0,0
2019-09,동대문구,2019,9,0,0,0,0,0,0,0,0,0,0,0
2019-09,동작구,2019,9,0,0,0,0,0,0,0,0,0,0,0
2019-09,마포구,2019,9,1,1,0,0,0,0,1,1,1,0,1
2019-09,서대문구,2019,9,1,0,0,0,1,1,1,0,1,0,0
2019-09,서초구,2019,9,4,0,2,2,1,5,5,2,3,1,1
2019-09,성동구,2019,9,1,0,1,0,2,3,3,1,0,1,0
2019-09,성북구,2019,9,0,0,0,0,0,0,0,0,0,0,0
2019-09,송파구,2019,9,1,0,1,1,0,2,2,1,1,0,0
2019-09,양천구,2019,9,0,0,0,0,0,0,0,0,0,0,0
2019-09,영등포구,2019,9,1,0,0,1,0,1,1,0,1,0,0
2019-09,용산구,2019,9,1,0,1,0,0,1,1,1,1,0,0
2019-09,은평구,2019,9,2,0,0,2,0,2,2,0,1,1,0
2019-09,종로구,2019,9,0,0,0,0,0,0,0,0,0,0,0
2019-09,중구,2019,9,0,0,0,0,0,0,0,0,0,0,0
2019-09,중랑구,2019,9,1,0,0,1,0,1,1,0,1,0,0
2019-10,강남구,2019,10,10,0,2,5,3,10,10,2,8,2,5
2019-10,강동구,2019,10,3,0,0,3,0,3,3,0,2,1,1
2019-10,강북구,2019,10,1,0,1,0,0,1,1,1,0,1,1
2019-10,강서구,2019,10,2,0,1,0,1,2,2,1,2,0,1
2019-10,관악구,2019,10,0,0,0,0,0,0,0,0,0,0,0
2019-10,광진구,2019,10,0,0,0,0,0,0,0,0,0,0,0
2019-10,구로구,2019,10,1,0,0,1,0,1,1,0,0,1,0
2019-10,금천구,2019,10,1,0,0,1,0,1,1,0,1,0,1
2019-10,노원구,2019,10,0,0,0,0,0,0,0,0,0,0,0
2019-10,도봉구,2019,10,1,0,0,0,1,1,1,0,1,0,0
2019-10,동대문구,2019,10,1,0,0,1,0,1,1,0,0,1,0
2019-10,동작구,2019,10,0,0,0,0,0,0,0,0,0,0,0
2019-10,마포구,2019,10,2,0,1,1,0,2,2,1,0,2,2
2019-10,서대문구,2019,10,0,0,0,0,0,0,0,0,0,0,0
2019-10,서초구,2019,10,4,0,1,3,1,5,5,1,2,2,1
2019-10,성동구,2019,10,1,0,1,0,0,1,1,1,1,0,0
2019-10,성북구,2019,10,1,0,0,1,0,1,1,0,0,1,0
2019-10,송파구,2019,10,5,0,1,3,1,5,5,1,3,2,2
2019-10,양천구,2019,10,0,0,0,0,0,0,0,0,0,0,0
2019-10,영등포구,2019,10,1,0,0,0,1,1,1,0,0,1,1
2019-10,용산구,2019,10,1,0,0,1,0,1,1,0,0,1,1
2019-10,은평구,2019,10,1,0,0,1,0,1,1,0,1,0,0
2019-10,종로구,2019,10,0,0,0,0,0,0,0,0,0,0,0
2019-10,중구,2019,10,0,0,0,0,0,0,0,0,0,0,0
2019-10,중랑구,2019,10,1,0,0,1,0,1,1,0,0,1,0
2019-11,강남구,2019,11,11,0,4,6,1,11,11,4,5,6,5
2019-11,강동구,2019,11,0,0,0,0,0,0,0,0,0,0,0
2019-11,강북구,2019,11,1,0,1,0,0,1,1,1,0,1,0
2019-11,강서구,2019,11,1,0,1,0,0,1,1,1,0,1,0
2019-11,관악구,2019,11,1,0,1,0,0,1,1,1,1,0,0
2019-11,광진구,2019,11,1,0,0,1,0,1,1,0,1,0,1
2019-11,구로구,2019,11,1,0,1,0,0,1,1,1,0,1,0
2019-11,금천구,2019,11,3,0,3,0,0,3,3,3,2,1,1
2019-11,노원구,2019,11,1,0,0,1,0,1,1,0,1,0,1
2019-11,도봉구,2019,11,1,0,1,0,0,1,1,1,1,0,0
2019-11,동대문구,2019,11,0,0,0,0,0,0,0,0,0,0,0
2019-11,동작구,2019,11,0,0,0,0,0,0,0,0,0,0,0
2019-11,마포구,2019,11,1,0,0,0,1,1,1,0,1,0,0
2019-11,서대문구,2019,11,0,0,0,0,0,0,0,0,0,0,0
2019-11,서초구,2019,11,8,0,0,6,2,8,8,0,4,4,4
2019-11,성동구,2019,11,2,0,1,1,0,2,2,1,1,1,1
2019-11,성북구,2019,11,3,0,1,1,1,3,3,1,2,1,1
2019-11,송파구,2019,11,1,0,0,1,0,1,1,0,1,0,1
2019-11,양천구,2019,11,1,0,0,1,0,1,1,0,0,1,1
2019-11,영등포구,2019,11,0,0,0,0,0,0,0,0,0,0,0
2019-11,용산구,2019,11,0,0,0,0,0,0,0,0,0,0,0
2019-11,은평구,2019,11,1,0,0,1,0,1,1,0,0,1,1
2019-11,종로구,2019,11,1,0,0,1,0,1,1,0,1,0,0
2019-11,중구,2019,11,0,0,0,0,0,0,0,0,0,0,0
2019-11,중랑구,2019,11,3,0,1,2,0,3,3,1,2,1,2
2019-12,강남구,2019,12,4,0,0,2,2,4,4,0,4,0,4
2019-12,강동구,2019,12,1,0,1,0,0,1,1,1,0,1,0
2019-12,강북구,2019,12,0,0,0,0,0,0,0,0,0,0,0
2019-12,강서구,2019,12,2,0,2,0,0,2,2,2,1,1,0
2019-12,관악구,2019,12,0,0,0,0,0,0,0,0,0,0,0
2019-12,광진구,2019,12,1,0,1,0,0,1,1,1,1,0,0
2019-12,구로구,2019,12,0,0,0,0,0,0,0,0,0,0,0
2019-12,금천구,2019,12,0,0,0,0,0,0,0,0,0,0,0
2019-12,노원구,2019,12,0,0,0,0,0,0,0,0,0,0,0
2019-12,도봉구,2019,12,0,0,0,0,0,0,0,0,0,0,0
2019-12,동대문구,2019,12,0,0,0,0,0,0,0,0,0,0,0
2019-12,동작구,2019,12,0,0,0,0,0,0,0,0,0,0,0
2019-12,마포구,2019,12,0,0,0,0,0,0,0,0,0,0,0
2019-12,서대문구,2019,12,0,0,0,0,0,0,0,0,0,0,0
2019-12,서초구,2019,12,3,0,0,2,1,3,3,0,3,0,1
2019-12,성동구,2019,12,0,0,0,0,0,0,0,0,0,0,0
2019-12,성북구,2019,12,0,0,0,0,0,0,0,0,0,0,0
2019-12,송파구,2019,12,0,0,0,0,0,0,0,0,0,0,0
2019-12,양천구,2019,12,1,0,1,0,0,1,1,1,1,0,1
2019-12,영등포구,2019,12,4,0,1,3,0,4,4,1,1,3,2
2019-12,용산구,2019,12,0,0,0,0,0,0,0,0,0,0,0
2019-12,은평구,2019,12,3,0,1,2,0,3,3,1,3,0,0
2019-12,종로구,2019,12,0,0,0,0,0,0,0,0,0,0,0
2019-12,중구,2019,12,1,0,0,1,0,1,1,0,0,1,1
2019-12,중랑구,2019,12,1,0,0,0,1,1,1,0,0,1,0
2020-01,강남구,2020,1,5,0,1,4,1,6,6,1,4,1,4
2020-01,강동구,2020,1,0,0,0,0,0,0,0,0,0,0,0
2020-01,강북구,2020,1,0,0,0,0,0,0,0,0,0,0,0
2020-01,강서구,2020,1,1,0,0,2,0,2,2,0,1,0,1
2020-01,관악구,2020,1,1,0,0,1,0,1,1,0,0,1,1
2020-01,광진구,2020,1,0,0,0,0,0,0,0,0,0,0,0
2020-01,구로구,2020,1,1,0,0,0,1,1,1,0,0,1,1
2020-01,금천구,2020,1,2,0,1,2,0,3,3,1,1,1,1
2020-01,노원구,2020,1,0,0,0,0,0,0,0,0,0,0,0
2020-01,도봉구,2020,1,0,0,0,0,0,0,0,0,0,0,0
2020-01,동대문구,2020,1,2,0,1,0,1,2,2,1,1,1,2
2020-01,동작구,2020,1,0,0,0,0,0,0,0,0,0,0,0
2020-01,마포구,2020,1,1,0,1,0,0,1,1,1,1,0,1
2020-01,서대문구,2020,1,0,0,0,0,0,0,0,0,0,0,0
2020-01,서초구,2020,1,2,0,0,2,0,2,2,0,1,1,0
2020-01,성동구,2020,1,0,0,0,0,0,0,0,0,0,0,0
2020-01,성북구,2020,1,0,0,0,0,0,0,0,0,0,0,0
2020-01,송파구,2020,1,0,0,0,0,0,0,0,0,0,0,0
2020-01,양천구,2020,1,1,0,1,0,0,1,1,1,1,0,0
2020-01,영등포구,2020,1,1,0,1,0,0,1,1,1,1,0,1
2020-01,용산구,2020,1,1,0,1,0,0,1,1,1,1,0,0
2020-01,은평구,2020,1,0,0,0,0,0,0,0,0,0,0,0
2020-01,종로구,2020,1,0,0,0,0,0,0,0,0,0,0,0
2020-01,중구,2020,1,0,0,0,0,0,0,0,0,0,0,0
2020-01,중랑구,2020,1,1,0,1,0,0,1,1,1,0,1,1
2020-02,강남구,2020,2,14,0,1,7,6,14,14,1,10,4,10
2020-02,강동구,2020,2,0,0,0,0,0,0,0,0,0,0,0
2020-02,강북구,2020,2,1,0,0,1,0,1,1,0,1,0,1
2020-02,강서구,2020,2,1,0,0,1,0,1,1,0,0,1,0
2020-02,관악구,2020,2,0,0,0,0,0,0,0,0,0,0,0
2020-02,광진구,2020,2,1,0,0,1,0,1,1,0,1,0,1
2020-02,구로구,2020,2,2,0,1,1,0,2,2,1,1,1,0
2020-02,금천구,2020,2,0,0,0,0,0,0,0,0,0,0,0
2020-02,노원구,2020,2,2,0,0,1,1,2,2,0,1,1,0
2020-02,도봉구,2020,2,0,0,0,0,0,0,0,0,0,0,0
2020-02,동대문구,2020,2,0,0,0,0,0,0,0,0,0,0,0
2020-02,동작구,2020,2,1,0,1,0,0,1,1,1,0,1,1
2020-02,마포구,2020,2,1,0,0,1,0,1,1,0,1,0,0
2020-02,서대문구,2020,2,0,0,0,0,0,0,0,0,0,0,0
2020-02,서초구,2020,2,1,0,1,0,0,1,1,1,0,1,1
2020-02,성동구,2020,2,0,0,0,0,0,0,0,0,0,0,0
2020-02,성북구,2020,2,0,0,0,0,0,0,0,0,0,0,0
2020-02,송파구,2020,2,2,0,0,0,2,2,2,0,1,1,0
2020-02,양천구,2020,2,0,0,0,0,0,0,0,0,0,0,0
2020-02,영등포구,2020,2,0,0,0,0,0,0,0,0,0,0,0
2020-02,용산구,2020,2,0,0,0,0,0,0,0,0,0,0,0
2020-02,은평구,2020,2,0,0,0,0,0,0,0,0,0,0,0
2020-02,종로구,2020,2,3,0,2,1,0,3,3,2,2,1,1
2020-02,중구,2020,2,1,0,0,1,0,1,1,0,1,0,1
2020-02,중랑구,2020,2,1,0,0,1,0,1,1,0,0,1,1
2020-03,강남구,2020,3,2,0,1,1,0,2,2,1,0,2,1
2020-03,강동구,2020,3,0,0,0,0,0,0,0,0,0,0,0
2020-03,강북구,2020,3,0,0,0,0,0,0,0,0,0,0,0
2020-03,강서구,2020,3,0,0,0,0,0,0,0,0,0,0,0
2020-03,관악구,2020,3,0,0,0,0,0,0,0,0,0,0,0
2020-03,광진구,2020,3,0,0,0,0,0,0,0,0,0,0,0
2020-03,구로구,2020,3,1,0,0,1,0,1,1,0,0,1,0
2020-03,금천구,2020,3,1,0,0,1,0,1,1,0,1,0,1
2020-03,노원구,2020,3,0,0,0,0,0,0,0,0,0,0,0
2020-03,도봉구,2020,3,0,0,0,0,0,0,0,0,0,0,0
2020-03,동대문구,2020,3,0,0,0,0,0,0,0,0,0,0,0
2020-03,동작구,2020,3,0,0,0,0,0,0,0,0,0,0,0
2020-03,마포구,2020,3,0,0,0,0,0,0,0,0,0,0,0
2020-03,서대문구,2020,3,0,0,0,0,0,0,0,0,0,0,0
2020-03,서초구,2020,3,4,0,3,1,0,4,4,3,1,4,1
2020-03,성동구,2020,3,1,0,0,1,0,1,1,0,1,0,0
2020-03,성북구,2020,3,0,0,0,0,0,0,0,0,0,0,0
2020-03,송파구,2020,3,4,0,1,4,0,5,5,1,2,2,0
2020-03,양천구,2020,3,0,0,0,0,0,0,0,0,0,0,0
2020-03,영등포구,2020,3,0,0,0,0,0,0,0,0,0,0,0
2020-03,용산구,2020,3,0,0,0,0,0,0,0,0,0,0,0
2020-03,은평구,2020,3,2,0,2,0,0,2,2,2,0,2,0
2020-03,종로구,2020,3,1,0,1,0,0,1,1,1,1,0,1
2020-03,중구,2020,3,1,1,0,0,0,0,1,1,0,1,0
2020-03,중랑구,2020,3,0,0,0,0,0,0,0,0,0,0,0
2020-04,강남구,2020,4,15,0,4,7,6,17,17,4,10,5,9
2020-04,강동구,2020,4,0,0,0,0,0,0,0,0,0,0,0
2020-04,강북구,2020,4,1,0,0,1,0,1,1,0,1,0,0
2020-04,강서구,2020,4,0,0,0,0,0,0,0,0,0,0,0
2020-04,관악구,2020,4,1,0,0,1,0,1,1,0,0,1,0
2020-04,광진구,2020,4,3,0,3,0,0,3,3,3,3,0,2
2020-04,구로구,2020,4,2,0,0,1,1,2,2,0,1,1,1
2020-04,금천구,2020,4,0,0,0,0,0,0,0,0,0,0,0
2020-04,노원구,2020,4,0,0,0,0,0,0,0,0,0,0,0
2020-04,도봉구,2020,4,0,0,0,0,0,0,0,0,0,0,0
2020-04,동대문구,2020,4,0,0,0,0,0,0,0,0,0,0,0
2020-04,동작구,2020,4,2,0,0,2,0,2,2,0,0,2,0
2020-04,마포구,2020,4,3,0,0,2,2,4,4,0,2,1,0
2020-04,서대문구,2020,4,0,0,0,0,0,0,0,0,0,0,0
2020-04,서초구,2020,4,1,0,0,1,0,1,1,0,1,0,1
2020-04,성동구,2020,4,2,0,1,1,0,2,2,1,2,0,0
2020-04,성북구,2020,4,0,0,0,0,0,0,0,0,0,0,0
2020-04,송파구,2020,4,4,0,0,3,1,4,4,0,2,2,2
2020-04,양천구,2020,4,0,0,0,0,0,0,0,0,0,0,0
2020-04,영등포구,2020,4,0,0,0,0,0,0,0,0,0,0,0
2020-04,용산구,2020,4,0,0,0,0,0,0,0,0,0,0,0
2020-04,은평구,2020,4,0,0,0,0,0,0,0,0,0,0,0
2020-04,종로구,2020,4,0,0,0,0,0,0,0,0,0,0,0
2020-04,중구,2020,4,0,0,0,0,0,0,0,0,0,0,0
2020-04,중랑구,2020,4,2,0,1,2,0,3,3,1,1,1,2
2020-05,강남구,2020,5,12,0,4,9,1,14,14,4,6,6,8
2020-05,강동구,2020,5,1,0,1,1,0,2,2,1,1,0,0
2020-05,강북구,2020,5,2,0,1,1,0,2,2,1,1,1,0
2020-05,강서구,2020,5,0,0,0,0,0,0,0,0,0,0,0
2020-05,관악구,2020,5,2,0,0,2,0,2,2,0,2,0,2
2020-05,광진구,2020,5,2,0,1,1,0,2,2,1,2,0,2
2020-05,구로구,2020,5,3,0,1,1,1,3,3,1,1,2,2
2020-05,금천구,2020,5,0,0,0,0,0,0,0,0,0,0,0
2020-05,노원구,2020,5,0,0,0,0,0,0,0,0,0,0,0
2020-05,도봉구,2020,5,1,0,0,1,0,1,1,0,1,0,0
2020-05,동대문구,2020,5,0,0,0,0,0,0,0,0,0,0,0
2020-05,동작구,2020,5,1,0,0,1,0,1,1,0,1,0,1
2020-05,마포구,2020,5,2,0,0,2,0,2,2,0,1,1,1
2020-05,서대문구,2020,5,0,0,0,0,0,0,0,0,0,0,0
2020-05,서초구,2020,5,3,0,1,0,2,3,3,1,2,1,2
2020-05,성동구,2020,5,2,0,2,0,0,2,2,2,2,0,2
2020-05,성북구,2020,5,2,0,1,1,0,2,2,1,1,1,1
2020-05,송파구,2020,5,6,0,1,2,4,7,7,1,4,2,3
2020-05,양천구,2020,5,1,0,0,1,0,1,1,0,1,0,0
2020-05,영등포구,2020,5,1,0,1,1,0,2,2,1,1,0,1
2020-05,용산구,2020,5,0,0,0,0,0,0,0,0,0,0,0
2020-05,은평구,2020,5,2,0,1,1,0,2,2,1,0,2,2
2020-05,종로구,2020,5,1,0,0,2,0,2,2,0,1,0,1
2020-05,중구,2020,5,4,0,1,3,1,5,5,1,2,2,3
2020-05,중랑구,2020,5,2,0,0,2,0,2,2,0,1,1,1
2020-06,강남구,2020,6,11,0,4,6,2,12,12,4,4,7,6
2020-06,강동구,2020,6,1,0,0,1,0,1,1,0,0,1,0
2020-06,강북구,2020,6,0,0,0,0,0,0,0,0,0,0,0
2020-06,강서구,2020,6,0,0,0,0,0,0,0,0,0,0,0
2020-06,관악구,2020,6,1,0,0,2,0,2,2,0,1,0,1
2020-06,광진구,2020,6,5,0,0,6,2,8,8,0,4,1,3
2020-06,구로구,2020,6,2,0,0,2,0,2,2,0,2,0,0
2020-06,금천구,2020,6,1,0,1,0,0,1,1,1,1,0,1
2020-06,노원구,2020,6,0,0,0,0,0,0,0,0,0,0,0
2020-06,도봉구,2020,6,2,0,0,2,0,2,2,0,1,1,0
2020-06,동대문구,2020,6,1,0,0,0,1,1,1,0,1,0,1
2020-06,동작구,2020,6,4,0,0,3,1,4,4,0,4,0,3
2020-06,마포구,2020,6,3,0,0,1,2,3,3,0,3,0,2
2020-06,서대문구,2020,6,1,0,0,1,0,1,1,0,1,0,1
2020-06,서초구,2020,6,8,0,3,4,2,9,9,3,4,4,1
2020-06,성동구,2020,6,0,0,0,0,0,0,0,0,0,0,0
2020-06,성북구,2020,6,0,0,0,0,0,0,0,0,0,0,0
2020-06,송파구,2020,6,3,0,0,3,0,3,3,0,2,1,2
2020-06,양천구,2020,6,1,0,0,1,0,1,1,0,1,0,1
2020-06,영등포구,2020,6,3,0,2,1,1,4,4,2,2,1,1
2020-06,용산구,2020,6,0,0,0,0,0,0,0,0,0,0,0
2020-06,은평구,2020,6,0,0,0,0,0,0,0,0,0,0,0
2020-06,종로구,2020,6,1,0,0,1,0,1,1,0,1,0,0
2020-06,중구,2020,6,0,0,0,0,0,0,0,0,0,0,0
2020-06,중랑구,2020,6,1,0,0,1,0,1,1,0,1,0,0
2020-07,강남구,2020,7,22,0,5,16,3,24,24,5,16,6,11
2020-07,강동구,2020,7,3,0,1,2,0,3,3,1,1,2,1
2020-07,강북구,2020,7,0,0,0,0,0,0,0,0,0,0,0
2020-07,강서구,2020,7,0,0,0,0,0,0,0,0,0,0,0
2020-07,관악구,2020,7,5,0,0,4,1,5,5,0,3,2,2
2020-07,광진구,2020,7,1,0,1,0,0,1,1,1,1,0,1
2020-07,구로구,2020,7,5,1,0,4,0,4,5,1,3,2,1
2020-07,금천구,2020,7,1,0,0,0,1,1,1,0,1,0,0
2020-07,노원구,2020,7,0,0,0,0,0,0,0,0,0,0,0
2020-07,도봉구,2020,7,2,0,0,2,0,2,2,0,2,0,1
2020-07,동대문구,2020,7,3,0,1,2,0,3,3,1,2,1,0
2020-07,동작구,2020,7,1,0,0,1,0,1,1,0,0,1,1
2020-07,마포구,2020,7,4,0,2,0,2,4,4,2,2,2,2
2020-07,서대문구,2020,7,2,0,1,1,0,2,2,1,2,0,1
2020-07,서초구,2020,7,6,0,2,5,0,7,7,2,4,2,2
2020-07,성동구,2020,7,3,0,0,3,0,3,3,0,1,2,3
2020-07,성북구,2020,7,1,0,0,1,0,1,1,0,1,0,1
2020-07,송파구,2020,7,4,0,1,3,1,5,5,1,3,1,1
2020-07,양천구,2020,7,0,0,0,0,0,0,0,0,0,0,0
2020-07,영등포구,2020,7,1,0,1,0,0,1,1,1,1,0,1
2020-07,용산구,2020,7,1,0,1,0,0,1,1,1,1,0,1
2020-07,은평구,2020,7,1,0,0,1,0,1,1,0,1,0,0
2020-07,종로구,2020,7,1,0,0,1,0,1,1,0,0,1,1
2020-07,중구,2020,7,1,0,0,1,0,1,1,0,1,0,0
2020-07,중랑구,2020,7,0,0,0,0,0,0,0,0,0,0,0
2020-08,강남구,2020,8,15,0,3,7,5,15,15,3,11,4,12
2020-08,강동구,2020,8,2,0,1,0,1,2,2,1,1,1,1
2020-08,강북구,2020,8,1,0,0,1,0,1,1,0,0,1,1
2020-08,강서구,2020,8,2,0,1,1,0,2,2,1,1,1,1
2020-08,관악구,2020,8,6,0,2,5,0,7,7,2,4,2,2
2020-08,광진구,2020,8,3,0,0,3,0,3,3,0,2,1,1
2020-08,구로구,2020,8,0,0,0,0,0,0,0,0,0,0,0
2020-08,금천구,2020,8,2,0,1,3,0,4,4,1,1,1,1
2020-08,노원구,2020,8,1,0,1,0,0,1,1,1,1,0,1
2020-08,도봉구,2020,8,0,0,0,0,0,0,0,0,0,0,0
2020-08,동대문구,2020,8,3,0,1,2,0,3,3,1,2,1,0
2020-08,동작구,2020,8,2,0,0,1,1,2,2,0,2,0,1
2020-08,마포구,2020,8,6,0,3,3,0,6,6,3,5,2,3
2020-08,서대문구,2020,8,0,0,0,0,0,0,0,0,0,0,0
2020-08,서초구,2020,8,4,0,1,2,1,4,4,1,3,1,4
2020-08,성동구,2020,8,0,0,0,0,0,0,0,0,0,0,0
2020-08,성북구,2020,8,2,0,1,1,0,2,2,1,2,0,1
2020-08,송파구,2020,8,5,0,1,3,1,5,5,1,2,3,3
2020-08,양천구,2020,8,0,0,0,0,0,0,0,0,0,0,0
2020-08,영등포구,2020,8,4,0,0,4,1,5,5,0,3,1,4
2020-08,용산구,2020,8,0,0,0,0,0,0,0,0,0,0,0
2020-08,은평구,2020,8,1,0,1,0,0,1,1,1,1,0,0
2020-08,종로구,2020,8,0,0,0,0,0,0,0,0,0,0,0
2020-08,중구,2020,8,0,0,0,0,0,0,0,0,0,0,0
2020-08,중랑구,2020,8,2,0,0,2,0,2,2,0,0,2,1
2020-09,강남구,2020,9,17,0,6,12,2,20,20,6,11,6,7
2020-09,강동구,2020,9,2,0,2,0,0,2,2,2,1,1,2
2020-09,강북구,2020,9,1,0,0,1,0,1,1,0,0,1,1
2020-09,강서구,2020,9,0,0,0,0,0,0,0,0,0,0,0
2020-09,관악구,2020,9,4,0,0,4,0,4,4,0,4,0,4
2020-09,광진구,2020,9,4,0,2,2,0,4,4,2,4,0,1
2020-09,구로구,2020,9,1,0,0,1,0,1,1,0,1,0,1
2020-09,금천구,2020,9,0,0,0,0,0,0,0,0,0,0,0
2020-09,노원구,2020,9,2,0,1,0,1,2,2,1,1,1,2
2020-09,도봉구,2020,9,0,0,0,0,0,0,0,0,0,0,0
2020-09,동대문구,2020,9,4,0,1,3,0,4,4,1,1,3,3
2020-09,동작구,2020,9,3,0,0,3,0,3,3,0,3,0,2
2020-09,마포구,2020,9,13,0,7,8,1,16,16,7,7,6,8
2020-09,서대문구,2020,9,1,0,0,1,0,1,1,0,1,0,1
2020-09,서초구,2020,9,6,0,2,4,0,6,6,2,6,0,4
2020-09,성동구,2020,9,4,0,0,3,1,4,4,0,3,1,2
2020-09,성북구,2020,9,1,0,0,1,0,1,1,0,0,1,0
2020-09,송파구,2020,9,2,0,0,1,1,2,2,0,1,1,0
2020-09,양천구,2020,9,3,0,1,2,0,3,3,1,2,1,1
2020-09,영등포구,2020,9,1,0,1,0,0,1,1,1,0,1,0
2020-09,용산구,2020,9,0,0,0,0,0,0,0,0,0,0,0
2020-09,은평구,2020,9,0,0,0,0,0,0,0,0,0,0,0
2020-09,종로구,2020,9,0,0,0,0,0,0,0,0,0,0,0
2020-09,중구,2020,9,0,0,0,0,0,0,0,0,0,0,0
2020-09,중랑구,2020,9,1,0,0,1,0,1,1,0,0,1,0
2020-10,강남구,2020,10,16,0,5,13,1,19,19,5,10,6,10
2020-10,강동구,2020,10,4,0,1,3,0,4,4,1,3,1,2
2020-10,강북구,2020,10,1,0,1,0,0,1,1,1,0,1,1
2020-10,강서구,2020,10,3,0,1,2,0,3,3,1,3,0,2
2020-10,관악구,2020,10,8,0,1,8,0,9,9,1,5,3,4
2020-10,광진구,2020,10,7,0,3,6,0,9,9,3,5,3,6
2020-10,구로구,2020,10,0,0,0,0,0,0,0,0,0,0,0
2020-10,금천구,2020,10,1,0,1,0,0,1,1,1,0,1,0
2020-10,노원구,2020,10,5,0,0,4,2,6,6,0,4,1,1
2020-10,도봉구,2020,10,2,0,0,0,2,2,2,0,2,0,0
2020-10,동대문구,2020,10,5,1,1,2,1,4,5,2,4,1,1
2020-10,동작구,2020,10,0,0,0,0,0,0,0,0,0,0,0
2020-10,마포구,2020,10,8,0,0,6,2,8,8,0,5,3,7
2020-10,서대문구,2020,10,1,0,0,1,0,1,1,0,1,1,0
2020-10,서초구,2020,10,4,0,1,3,0,4,4,1,2,2,2
2020-10,성동구,2020,10,4,0,1,3,0,4,4,1,4,0,3
2020-10,성북구,2020,10,0,0,0,0,0,0,0,0,0,0,0
2020-10,송파구,2020,10,11,0,3,6,4,13,13,3,6,5,8
2020-10,양천구,2020,10,2,0,0,2,0,2,2,0,2,0,2
2020-10,영등포구,2020,10,4,0,1,3,2,6,6,1,4,0,2
2020-10,용산구,2020,10,3,0,2,1,0,3,3,2,2,1,2
2020-10,은평구,2020,10,0,0,0,0,0,0,0,0,0,0,0
2020-10,종로구,2020,10,1,0,0,1,0,1,1,0,1,0,0
2020-10,중구,2020,10,3,0,1,2,0,3,3,1,1,2,2
2020-10,중랑구,2020,10,0,0,0,0,0,0,0,0,0,0,0
2020-11,강남구,2020,11,7,0,1,7,0,8,8,1,7,0,3
2020-11,강동구,2020,11,5,0,2,3,0,5,5,2,3,2,3
2020-11,강북구,2020,11,0,0,0,0,0,0,0,0,0,0,0
2020-11,강서구,2020,11,3,0,1,2,1,4,4,1,3,0,2
2020-11,관악구,2020,11,3,0,1,3,0,4,4,1,2,1,2
2020-11,광진구,2020,11,2,0,1,1,0,2,2,1,2,0,0
2020-11,구로구,2020,11,3,0,2,1,0,3,3,2,2,1,2
2020-11,금천구,2020,11,3,0,1,2,0,3,3,1,2,1,2
2020-11,노원구,2020,11,0,0,0,0,0,0,0,0,0,0,0
2020-11,도봉구,2020,11,0,0,0,0,0,0,0,0,0,0,0
2020-11,동대문구,2020,11,0,0,0,0,0,0,0,0,0,0,0
2020-11,동작구,2020,11,1,0,1,0,0,1,1,1,1,0,0
2020-11,마포구,2020,11,3,0,1,1,1,3,3,1,3,0,2
2020-11,서대문구,2020,11,1,0,0,1,0,1,1,0,1,0,0
2020-11,서초구,2020,11,5,0,0,5,0,5,5,0,5,0,4
2020-11,성동구,2020,11,3,0,1,2,0,3,3,1,2,1,0
2020-11,성북구,2020,11,0,0,0,0,0,0,0,0,0,0,0
2020-11,송파구,2020,11,7,0,1,4,2,7,7,1,6,2,3
2020-11,양천구,2020,11,1,0,0,1,0,1,1,0,1,0,1
2020-11,영등포구,2020,11,4,0,1,2,1,4,4,1,1,3,2
2020-11,용산구,2020,11,0,0,0,0,0,0,0,0,0,0,0
2020-11,은평구,2020,11,2,0,2,0,0,2,2,2,1,1,0
2020-11,종로구,2020,11,1,0,1,0,0,1,1,1,1,0,1
2020-11,중구,2020,11,3,0,0,1,2,3,3,0,3,0,2
2020-11,중랑구,2020,11,2,0,1,0,1,2,2,1,2,0,0
2020-12,강남구,2020,12,5,0,2,3,0,5,5,2,5,0,1
2020-12,강동구,2020,12,0,0,0,0,0,0,0,0,0,0,0
2020-12,강북구,2020,12,1,0,0,1,0,1,1,0,0,1,1
2020-12,강서구,2020,12,2,0,0,1,1,2,2,0,2,0,1
2020-12,관악구,2020,12,1,0,0,1,0,1,1,0,0,1,0
2020-12,광진구,2020,12,0,0,0,0,0,0,0,0,0,0,0
2020-12,구로구,2020,12,2,1,0,2,0,2,3,1,1,1,0
2020-12,금천구,2020,12,0,0,0,0,0,0,0,0,0,0,0
2020-12,노원구,2020,12,0,0,0,0,0,0,0,0,0,0,0
2020-12,도봉구,2020,12,0,0,0,0,0,0,0,0,0,0,0
2020-12,동대문구,2020,12,1,0,0,1,0,1,1,0,1,0,1
2020-12,동작구,2020,12,0,0,0,0,0,0,0,0,0,0,0
2020-12,마포구,2020,12,2,0,0,1,1,2,2,0,2,0,2
2020-12,서대문구,2020,12,1,0,0,1,0,1,1,0,1,0,1
2020-12,서초구,2020,12,2,0,1,1,0,2,2,1,2,0,2
2020-12,성동구,2020,12,0,0,0,0,0,0,0,0,0,0,0
2020-12,성북구,2020,12,0,0,0,0,0,0,0,0,0,0,0
2020-12,송파구,2020,12,4,0,0,4,0,4,4,0,3,1,2
2020-12,양천구,2020,12,0,0,0,0,0,0,0,0,0,0,0
2020-12,영등포구,2020,12,1,0,0,1,0,1,1,0,1,0,1
2020-12,용산구,2020,12,0,0,0,0,0,0,0,0,0,0,0
2020-12,은평구,2020,12,0,0,0,0,0,0,0,0,0,0,0
2020-12,종로구,2020,12,0,0,0,0,0,0,0,0,0,0,0
2020-12,중구,2020,12,0,0,0,0,0,0,0,0,0,0,0
2020-12,중랑구,2020,12,0,0,0,0,0,0,0,0,0,0,0
2021-01,강남구,2021,1,4,0,0,4,0,4,4,0,4,0,3
2021-01,강동구,2021,1,2,0,1,1,0,2,2,1,1,1,1
2021-01,강북구,2021,1,0,0,0,0,0,0,0,0,0,0,0
2021-01,강서구,2021,1,1,0,0,1,0,1,1,0,1,0,1
2021-01,관악구,2021,1,1,0,1,0,0,1,1,1,0,1,1
2021-01,광진구,2021,1,0,0,0,0,0,0,0,0,0,0,0
2021-01,구로구,2021,1,0,0,0,0,0,0,0,0,0,0,0
2021-01,금천구,2021,1,0,0,0,0,0,0,0,0,0,0,0
2021-01,노원구,2021,1,0,0,0,0,0,0,0,0,0,0,0
2021-01,도봉구,2021,1,1,0,0,2,0,2,2,0,0,1,0
2021-01,동대문구,2021,1,0,0,0,0,0,0,0,0,0,0,0
2021-01,동작구,2021,1,0,0,0,0,0,0,0,0,0,0,0
2021-01,마포구,2021,1,4,0,2,3,0,5,5,2,4,0,1
2021-01,서대문구,2021,1,1,0,0,0,1,1,1,0,1,0,1
2021-01,서초구,2021,1,3,0,0,2,1,3,3,0,3,0,1
2021-01,성동구,2021,1,1,0,0,1,0,1,1,0,1,0,1
2021-01,성북구,2021,1,0,0,0,0,0,0,0,0,0,0,0
2021-01,송파구,2021,1,4,0,0,3,1,4,4,0,3,1,3
2021-01,양천구,2021,1,1,0,0,1,0,1,1,0,1,0,0
2021-01,영등포구,2021,1,1,0,0,1,0,1,1,0,0,1,1
2021-01,용산구,2021,1,0,0,0,0,0,0,0,0,0,0,0
2021-01,은평구,2021,1,0,0,0,0,0,0,0,0,0,0,0
2021-01,종로구,2021,1,0,0,0,0,0,0,0,0,0,0,0
2021-01,중구,2021,1,2,0,1,1,0,2,2,1,0,2,1
2021-01,중랑구,2021,1,2,0,1,1,0,2,2,1,1,1,0
2021-02,강남구,2021,2,4,0,0,4,0,4,4,0,3,1,4
2021-02,강동구,2021,2,1,0,1,0,0,1,1,1,0,1,1
2021-02,강북구,2021,2,0,0,0,0,0,0,0,0,0,0,0
2021-02,강서구,2021,2,2,0,0,2,0,2,2,0,0,2,1
2021-02,관악구,2021,2,3,0,1,2,0,3,3,1,0,3,2
2021-02,광진구,2021,2,6,0,2,4,0,6,6,2,3,3,3
2021-02,구로구,2021,2,2,0,1,0,1,2,2,1,1,1,1
2021-02,금천구,2021,2,1,0,1,1,0,2,2,1,0,1,1
2021-02,노원구,2021,2,0,0,0,0,0,0,0,0,0,0,0
2021-02,도봉구,2021,2,0,0,0,0,0,0,0,0,0,0,0
2021-02,동대문구,2021,2,2,0,0,1,1,2,2,0,2,0,1
2021-02,동작구,2021,2,1,0,1,0,0,1,1,1,0,1,0
2021-02,마포구,2021,2,3,0,1,1,1,3,3,1,1,2,0
2021-02,서대문구,2021,2,1,0,0,0,1,1,1,0,1,0,0
2021-02,서초구,2021,2,2,0,0,3,0,3,3,0,2,0,1
2021-02,성동구,2021,2,1,0,0,1,0,1,1,0,1,0,0
2021-02,성북구,2021,2,0,0,0,0,0,0,0,0,0,0,0
2021-02,송파구,2021,2,6,0,0,2,5,7,7,0,4,2,4
2021-02,양천구,2021,2,0,0,0,0,0,0,0,0,0,0,0
2021-02,영등포구,2021,2,1,0,0,0,1,1,1,0,1,0,1
2021-02,용산구,2021,2,0,0,0,0,0,0,0,0,0,0,0
2021-02,은평구,2021,2,0,0,0,0,0,0,0,0,0,0,0
2021-02,종로구,2021,2,0,0,0,0,0,0,0,0,0,0,0
2021-02,중구,2021,2,0,0,0,0,0,0,0,0,0,0,0
2021-02,중랑구,2021,2,0,0,0,0,0,0,0,0,0,0,0
2021-03,강남구,2021,3,7,0,3,4,0,7,7,3,6,1,3
2021-03,강동구,2021,3,2,0,1,1,0,2,2,1,1,1,1
2021-03,강북구,2021,3,1,0,0,1,0,1,1,0,0,1,1
2021-03,강서구,2021,3,2,0,0,2,0,2,2,0,1,1,2
2021-03,관악구,2021,3,1,0,1,0,0,1,1,1,0,1,0
2021-03,광진구,2021,3,3,0,1,2,0,3,3,1,2,1,1
2021-03,구로구,2021,3,1,0,0,0,1,1,1,0,1,0,1
2021-03,금천구,2021,3,0,0,0,0,0,0,0,0,0,0,0
2021-03,노원구,2021,3,2,0,0,4,0,4,4,0,2,0,0
2021-03,도봉구,2021,3,0,0,0,0,0,0,0,0,0,0,0
2021-03,동대문구,2021,3,0,0,0,0,0,0,0,0,0,0,0
2021-03,동작구,2021,3,2,0,0,1,1,2,2,0,1,1,1
2021-03,마포구,2021,3,3,0,0,3,0,3,3,0,3,0,2
2021-03,서대문구,2021,3,1,0,0,1,0,1,1,0,1,0,1
2021-03,서초구,2021,3,6,0,4,2,3,9,9,4,5,1,3
2021-03,성동구,2021,3,0,0,0,0,0,0,0,0,0,0,0
2021-03,성북구,2021,3,1,0,1,0,0,1,1,1,0,1,0
2021-03,송파구,2021,3,7,0,4,2,1,7,7,4,7,0,3
2021-03,양천구,2021,3,1,0,0,1,0,1,1,0,1,0,0
2021-03,영등포구,2021,3,1,0,0,1,0,1,1,0,1,0,1
2021-03,용산구,2021,3,0,0,0,0,0,0,0,0,0,0,0
2021-03,은평구,2021,3,1,0,0,1,0,1,1,0,0,1,0
2021-03,종로구,2021,3,1,0,0,1,0,1,1,0,0,1,1
2021-03,중구,2021,3,2,0,1,1,0,2,2,1,1,1,1
2021-03,중랑구,2021,3,2,0,0,1,1,2,2,0,2,0,2
2021-04,강남구,2021,4,15,0,1,14,2,17,17,1,12,3,11
2021-04,강동구,2021,4,3,0,1,2,0,3,3,1,2,1,1
2021-04,강북구,2021,4,5,0,2,3,0,5,5,2,4,1,2
2021-04,강서구,2021,4,2,0,0,2,0,2,2,0,2,0,0
2021-04,관악구,2021,4,3,0,1,2,0,3,3,1,2,1,2
2021-04,광진구,2021,4,2,0,0,3,0,3,3,0,1,1,0
2021-04,구로구,2021,4,2,0,0,1,1,2,2,0,0,2,1
2021-04,금천구,2021,4,0,0,0,0,0,0,0,0,0,0,0
2021-04,노원구,2021,4,0,0,0,0,0,0,0,0,0,0,0
2021-04,도봉구,2021,4,1,0,0,0,1,1,1,0,1,0,0
2021-04,동대문구,2021,4,2,0,0,2,0,2,2,0,1,1,2
2021-04,동작구,2021,4,2,0,1,1,0,2,2,1,2,0,0
2021-04,마포구,2021,4,5,0,2,3,0,5,5,2,5,0,5
2021-04,서대문구,2021,4,1,0,0,0,1,1,1,0,1,0,0
2021-04,서초구,2021,4,3,0,2,2,1,5,5,2,3,0,2
2021-04,성동구,2021,4,3,0,1,3,0,4,4,1,2,1,1
2021-04,성북구,2021,4,3,0,1,1,1,3,3,1,3,0,1
2021-04,송파구,2021,4,6,0,2,2,3,7,7,2,5,1,2
2021-04,양천구,2021,4,1,0,0,1,0,1,1,0,0,1,1
2021-04,영등포구,2021,4,3,0,0,3,0,3,3,0,2,1,1
2021-04,용산구,2021,4,2,0,0,1,1,2,2,0,2,0,2
2021-04,은평구,2021,4,2,0,1,1,0,2,2,1,2,0,1
2021-04,종로구,2021,4,0,0,0,0,0,0,0,0,0,0,0
2021-04,중구,2021,4,2,0,0,1,1,2,2,0,1,1,1
2021-04,중랑구,2021,4,2,0,0,2,0,2,2,0,1,1,0
2021-05,강남구,2021,5,12,0,2,9,2,13,13,2,10,3,7
2021-05,강동구,2021,5,0,0,0,0,0,0,0,0,0,0,0
2021-05,강북구,2021,5,3,0,0,3,0,3,3,0,3,0,2
2021-05,강서구,2021,5,8,0,1,7,0,8,8,1,4,4,5
2021-05,관악구,2021,5,0,0,0,0,0,0,0,0,0,0,0
2021-05,광진구,2021,5,2,0,0,1,1,2,2,0,2,0,2
2021-05,구로구,2021,5,4,0,1,1,2,4,4,1,3,1,2
2021-05,금천구,2021,5,5,0,2,3,0,5,5,2,0,5,3
2021-05,노원구,2021,5,0,0,0,0,0,0,0,0,0,0,0
2021-05,도봉구,2021,5,1,0,0,1,0,1,1,0,1,0,0
2021-05,동대문구,2021,5,2,0,2,1,0,3,3,2,2,0,1
2021-05,동작구,2021,5,1,0,0,0,1,1,1,0,1,0,1
2021-05,마포구,2021,5,4,0,0,3,2,5,5,0,3,1,2
2021-05,서대문구,2021,5,3,0,0,1,2,3,3,0,3,0,1
2021-05,서초구,2021,5,2,0,1,1,0,2,2,1,2,0,2
2021-05,성동구,2021,5,1,0,0,1,0,1,1,0,1,0,1
2021-05,성북구,2021,5,0,0,0,0,0,0,0,0,0,0,0
2021-05,송파구,2021,5,2,0,0,2,1,3,3,0,1,1,1
2021-05,양천구,2021,5,1,0,1,0,0,1,1,1,0,1,0
2021-05,영등포구,2021,5,1,0,0,1,0,1,1,0,1,0,0
2021-05,용산구,2021,5,1,0,1,0,0,1,1,1,0,1,0
2021-05,은평구,2021,5,3,0,0,2,1,3,3,0,3,0,0
2021-05,종로구,2021,5,0,0,0,0,0,0,0,0,0,0,0
2021-05,중구,2021,5,2,0,1,0,2,3,3,1,1,1,1
2021-05,중랑구,2021,5,4,0,1,2,1,4,4,1,2,2,1
2021-06,강남구,2021,6,12,0,3,8,1,12,12,3,10,2,6
2021-06,강동구,2021,6,1,0,0,0,1,1,1,0,0,1,1
2021-06,강북구,2021,6,2,0,0,2,0,2,2,0,2,0,2
2021-06,강서구,2021,6,2,0,0,2,0,2,2,0,0,2,1
2021-06,관악구,2021,6,6,0,2,3,1,6,6,2,3,3,1
2021-06,광진구,2021,6,1,0,0,2,0,2,2,0,1,0,0
2021-06,구로구,2021,6,0,0,0,0,0,0,0,0,0,0,0
2021-06,금천구,2021,6,2,0,0,1,1,2,2,0,1,1,1
2021-06,노원구,2021,6,2,0,0,3,0,3,3,0,2,0,1
2021-06,도봉구,2021,6,0,0,0,0,0,0,0,0,0,0,0
2021-06,동대문구,2021,6,4,0,1,2,1,4,4,1,2,2,2
2021-06,동작구,2021,6,2,0,0,2,1,3,3,0,2,0,1
2021-06,마포구,2021,6,4,0,4,0,0,4,4,4,2,2,2
2021-06,서대문구,2021,6,0,0,0,0,0,0,0,0,0,0,0
2021-06,서초구,2021,6,3,0,0,2,1,3,3,0,3,0,2
2021-06,성동구,2021,6,5,0,1,4,0,5,5,1,4,1,2
2021-06,성북구,2021,6,0,0,0,0,0,0,0,0,0,0,0
2021-06,송파구,2021,6,7,0,2,3,2,7,7,2,6,1,4
2021-06,양천구,2021,6,0,0,0,0,0,0,0,0,0,0,0
2021-06,영등포구,2021,6,2,0,2,1,0,3,3,2,1,1,1
2021-06,용산구,2021,6,1,0,0,1,0,1,1,0,1,0,1
2021-06,은평구,2021,6,3,0,2,0,1,3,3,2,2,1,3
2021-06,종로구,2021,6,1,0,0,1,0,1,1,0,0,1,0
2021-06,중구,2021,6,0,0,0,0,0,0,0,0,0,0,0
2021-06,중랑구,2021,6,4,0,1,2,2,5,5,1,2,2,2
2021-07,강남구,2021,7,16,0,3,14,3,20,20,3,12,4,5
2021-07,강동구,2021,7,2,0,1,1,0,2,2,1,1,1,1
2021-07,강북구,2021,7,3,0,0,3,0,3,3,0,2,1,3
2021-07,강서구,2021,7,5,0,2,2,1,5,5,2,3,2,3
2021-07,관악구,2021,7,2,0,0,2,0,2,2,0,2,0,1
2021-07,광진구,2021,7,3,0,2,1,0,3,3,2,1,2,1
2021-07,구로구,2021,7,1,0,0,1,0,1,1,0,1,0,1
2021-07,금천구,2021,7,1,0,0,1,0,1,1,0,0,1,1
2021-07,노원구,2021,7,5,0,1,3,1,5,5,1,5,0,5
2021-07,도봉구,2021,7,0,0,0,0,0,0,0,0,0,0,0
2021-07,동대문구,2021,7,3,0,2,1,0,3,3,2,2,1,0
2021-07,동작구,2021,7,2,0,1,1,0,2,2,1,1,1,1
2021-07,마포구,2021,7,4,0,2,3,0,5,5,2,2,2,2
2021-07,서대문구,2021,7,0,0,0,0,0,0,0,0,0,0,0
2021-07,서초구,2021,7,1,0,1,0,0,1,1,1,1,0,0
2021-07,성동구,2021,7,2,0,2,0,0,2,2,2,2,0,1
2021-07,성북구,2021,7,0,0,0,0,0,0,0,0,0,0,0
2021-07,송파구,2021,7,13,0,3,9,3,15,15,3,9,4,4
2021-07,양천구,2021,7,3,0,0,3,0,3,3,0,1,2,2
2021-07,영등포구,2021,7,1,0,1,0,0,1,1,1,1,0,1
2021-07,용산구,2021,7,1,0,0,1,0,1,1,0,1,0,1
2021-07,은평구,2021,7,2,0,1,1,0,2,2,1,0,2,0
2021-07,종로구,2021,7,0,0,0,0,0,0,0,0,0,0,0
2021-07,중구,2021,7,1,0,0,1,0,1,1,0,1,0,0
2021-07,중랑구,2021,7,2,0,1,1,0,2,2,1,1,1,0
2021-08,강남구,2021,8,8,0,0,8,1,9,9,0,5,3,4
2021-08,강동구,2021,8,2,0,0,2,0,2,2,0,1,1,0
2021-08,강북구,2021,8,0,0,0,0,0,0,0,0,0,0,0
2021-08,강서구,2021,8,2,0,0,1,1,2,2,0,2,0,2
2021-08,관악구,2021,8,0,0,0,0,0,0,0,0,0,0,0
2021-08,광진구,2021,8,2,0,1,1,0,2,2,1,2,0,0
2021-08,구로구,2021,8,0,0,0,0,0,0,0,0,0,0,0
2021-08,금천구,2021,8,1,0,0,1,0,1,1,0,1,0,1
2021-08,노원구,2021,8,3,0,1,1,1,3,3,1,3,0,2
2021-08,도봉구,2021,8,1,0,0,1,0,1,1,0,1,0,0
2021-08,동대문구,2021,8,1,0,0,1,0,1,1,0,1,0,0
2021-08,동작구,2021,8,6,0,2,5,2,9,9,2,5,1,2
2021-08,마포구,2021,8,3,0,3,0,0,3,3,3,3,0,2
2021-08,서대문구,2021,8,1,0,0,1,0,1,1,0,1,0,1
2021-08,서초구,2021,8,5,0,2,3,1,6,6,2,4,1,3
2021-08,성동구,2021,8,3,0,1,2,0,3,3,1,1,2,2
2021-08,성북구,2021,8,0,0,0,0,0,0,0,0,0,0,0
2021-08,송파구,2021,8,6,0,3,2,1,6,6,3,4,2,1
2021-08,양천구,2021,8,3,0,0,4,0,4,4,0,1,2,2
2021-08,영등포구,2021,8,1,0,0,1,0,1,1,0,0,1,1
2021-08,용산구,2021,8,1,0,1,0,0,1,1,1,1,0,0
2021-08,은평구,2021,8,1,0,1,0,0,1,1,1,1,0,0
2021-08,종로구,2021,8,1,0,1,0,0,1,1,1,0,1,0
2021-08,중구,2021,8,0,0,0,0,0,0,0,0,0,0,0
2021-08,중랑구,2021,8,2,0,0,1,1,2,2,0,2,0,1
2021-09,강남구,2021,9,15,0,3,12,2,17,17,3,10,5,10
2021-09,강동구,2021,9,0,0,0,0,0,0,0,0,0,0,0
2021-09,강북구,2021,9,0,0,0,0,0,0,0,0,0,0,0
2021-09,강서구,2021,9,4,0,1,3,0,4,4,1,1,3,3
2021-09,관악구,2021,9,4,0,3,1,0,4,4,3,1,3,4
2021-09,광진구,2021,9,4,0,1,2,1,4,4,1,4,0,1
2021-09,구로구,2021,9,1,0,1,0,0,1,1,1,1,0,0
2021-09,금천구,2021,9,0,0,0,0,0,0,0,0,0,0,0
2021-09,노원구,2021,9,2,0,0,2,0,2,2,0,2,0,1
2021-09,도봉구,2021,9,0,0,0,0,0,0,0,0,0,0,0
2021-09,동대문구,2021,9,1,0,0,0,1,1,1,0,1,0,0
2021-09,동작구,2021,9,0,0,0,0,0,0,0,0,0,0,0
2021-09,마포구,2021,9,2,0,0,1,1,2,2,0,2,0,2
2021-09,서대문구,2021,9,2,0,1,1,0,2,2,1,1,1,2
2021-09,서초구,2021,9,1,0,0,1,0,1,1,0,1,0,0
2021-09,성동구,2021,9,1,0,0,1,0,1,1,0,0,1,0
2021-09,성북구,2021,9,1,0,0,1,0,1,1,0,1,0,0
2021-09,송파구,2021,9,11,0,3,6,2,11,11,3,8,3,5
2021-09,양천구,2021,9,0,0,0,0,0,0,0,0,0,0,0
2021-09,영등포구,2021,9,0,0,0,0,0,0,0,0,0,0,0
2021-09,용산구,2021,9,0,0,0,0,0,0,0,0,0,0,0
2021-09,은평구,2021,9,1,0,0,1,2,3,3,0,1,0,0
2021-09,종로구,2021,9,0,0,0,0,0,0,0,0,0,0,0
2021-09,중구,2021,9,0,0,0,0,0,0,0,0,0,0,0
2021-09,중랑구,2021,9,2,0,2,0,0,2,2,2,2,0,2
2021-10,강남구,2021,10,5,0,1,2,2,5,5,1,4,1,2
2021-10,강동구,2021,10,0,0,0,0,0,0,0,0,0,0,0
2021-10,강북구,2021,10,3,0,1,2,0,3,3,1,2,1,2
2021-10,강서구,2021,10,5,0,3,2,0,5,5,3,2,3,0
2021-10,관악구,2021,10,1,0,0,1,0,1,1,0,1,0,0
2021-10,광진구,2021,10,2,0,1,1,1,3,3,1,1,1,2
2021-10,구로구,2021,10,1,0,1,0,0,1,1,1,1,0,1
2021-10,금천구,2021,10,0,0,0,0,0,0,0,0,0,0,0
2021-10,노원구,2021,10,3,1,0,2,0,2,3,1,3,0,1
2021-10,도봉구,2021,10,0,0,0,0,0,0,0,0,0,0,0
2021-10,동대문구,2021,10,4,0,1,3,0,4,4,1,2,2,0
2021-10,동작구,2021,10,3,0,2,1,0,3,3,2,3,0,2
2021-10,마포구,2021,10,3,0,0,1,2,3,3,0,3,0,1
2021-10,서대문구,2021,10,0,0,0,0,0,0,0,0,0,0,0
2021-10,서초구,2021,10,4,0,0,4,0,4,4,0,4,0,0
2021-10,성동구,2021,10,3,0,0,2,1,3,3,0,2,1,2
2021-10,성북구,2021,10,1,0,0,1,0,1,1,0,1,0,0
2021-10,송파구,2021,10,6,0,4,3,0,7,7,4,4,2,2
2021-10,양천구,2021,10,0,0,0,0,0,0,0,0,0,0,0
2021-10,영등포구,2021,10,5,0,1,3,1,5,5,1,2,3,4
2021-10,용산구,2021,10,0,0,0,0,0,0,0,0,0,0,0
2021-10,은평구,2021,10,3,0,2,2,0,4,4,2,3,0,3
2021-10,종로구,2021,10,1,0,0,1,0,1,1,0,1,0,1
2021-10,중구,2021,10,2,0,0,2,0,2,2,0,2,0,1
2021-10,중랑구,2021,10,4,0,1,3,0,4,4,1,3,1,2
2021-11,강남구,2021,11,4,0,2,1,1,4,4,2,2,2,3
2021-11,강동구,2021,11,2,0,0,2,0,2,2,0,1,1,1
2021-11,강북구,2021,11,2,0,2,1,0,3,3,2,1,1,1
2021-11,강서구,2021,11,3,0,1,1,1,3,3,1,1,2,2
2021-11,관악구,2021,11,3,0,1,3,0,4,4,1,3,0,3
2021-11,광진구,2021,11,2,0,1,1,0,2,2,1,1,1,2
2021-11,구로구,2021,11,1,0,1,0,0,1,1,1,0,1,1
2021-11,금천구,2021,11,2,0,0,3,0,3,3,0,1,1,1
2021-11,노원구,2021,11,1,0,0,1,0,1,1,0,1,0,1
2021-11,도봉구,2021,11,0,0,0,0,0,0,0,0,0,0,0
2021-11,동대문구,2021,11,2,0,0,2,0,2,2,0,0,2,2
2021-11,동작구,2021,11,2,0,0,0,2,2,2,0,2,0,2
2021-11,마포구,2021,11,3,0,0,2,1,3,3,0,3,0,2
2021-11,서대문구,2021,11,3,0,1,1,1,3,3,1,3,0,2
2021-11,서초구,2021,11,1,0,1,0,0,1,1,1,1,0,0
2021-11,성동구,2021,11,2,0,0,2,0,2,2,0,2,0,1
2021-11,성북구,2021,11,0,0,0,0,0,0,0,0,0,0,0
2021-11,송파구,2021,11,6,1,2,3,0,5,6,3,3,3,4
2021-11,양천구,2021,11,0,0,0,0,0,0,0,0,0,0,0
2021-11,영등포구,2021,11,4,0,0,3,1,4,4,0,3,1,0
2021-11,용산구,2021,11,0,0,0,0,0,0,0,0,0,0,0
2021-11,은평구,2021,11,4,0,0,5,1,6,6,0,2,2,1
2021-11,종로구,2021,11,2,0,1,0,2,3,3,1,2,0,0
2021-11,중구,2021,11,1,0,0,1,0,1,1,0,1,0,1
2021-11,중랑구,2021,11,1,0,0,0,1,1,1,0,1,0,0
2021-12,강남구,2021,12,4,0,0,4,0,4,4,0,3,1,1
2021-12,강동구,2021,12,0,0,0,0,0,0,0,0,0,0,0
2021-12,강북구,2021,12,3,0,0,4,0,4,4,0,2,1,1
2021-12,강서구,2021,12,3,0,1,2,0,3,3,1,1,2,1
2021-12,관악구,2021,12,3,0,0,3,0,3,3,0,2,1,2
2021-12,광진구,2021,12,2,0,0,2,0,2,2,0,1,1,1
2021-12,구로구,2021,12,3,0,1,2,0,3,3,1,1,2,3
2021-12,금천구,2021,12,0,0,0,0,0,0,0,0,0,0,0
2021-12,노원구,2021,12,1,0,1,0,0,1,1,1,0,1,1
2021-12,도봉구,2021,12,0,0,0,0,0,0,0,0,0,0,0
2021-12,동대문구,2021,12,2,0,0,1,1,2,2,0,1,1,1
2021-12,동작구,2021,12,4,0,0,3,1,4,4,0,4,0,1
2021-12,마포구,2021,12,2,0,0,3,0,3,3,0,2,0,1
2021-12,서대문구,2021,12,1,0,1,0,0,1,1,1,0,1,1
2021-12,서초구,2021,12,2,0,1,1,0,2,2,1,1,1,2
2021-12,성동구,2021,12,0,0,0,0,0,0,0,0,0,0,0
2021-12,성북구,2021,12,2,0,1,1,0,2,2,1,0,2,1
2021-12,송파구,2021,12,4,0,2,1,1,4,4,2,3,1,2
2021-12,양천구,2021,12,1,0,1,0,0,1,1,1,1,0,0
2021-12,영등포구,2021,12,2,0,0,2,0,2,2,0,1,1,1
2021-12,용산구,2021,12,1,0,0,1,0,1,1,0,1,0,0
2021-12,은평구,2021,12,0,0,0,0,0,0,0,0,0,0,0
2021-12,종로구,2021,12,1,0,1,0,0,1,1,1,1,0,1
2021-12,중구,2021,12,1,0,0,0,1,1,1,0,1,0,1
2021-12,중랑구,2021,12,3,0,0,2,1,3,3,0,2,1,1
2022-01,강남구,2022,1,5,0,1,4,0,5,5,1,4,1,2
2022-01,강동구,2022,1,0,0,0,0,0,0,0,0,0,0,0
2022-01,강북구,2022,1,0,0,0,0,0,0,0,0,0,0,0
2022-01,강서구,2022,1,0,0,0,0,0,0,0,0,0,0,0
2022-01,관악구,2022,1,4,0,1,1,2,4,4,1,4,0,3
2022-01,광진구,2022,1,1,0,0,1,0,1,1,0,1,0,1
2022-01,구로구,2022,1,2,0,0,2,0,2,2,0,1,1,1
2022-01,금천구,2022,1,0,0,0,0,0,0,0,0,0,0,0
2022-01,노원구,2022,1,2,0,0,2,0,2,2,0,1,1,1
2022-01,도봉구,2022,1,2,0,0,2,0,2,2,0,0,2,1
2022-01,동대문구,2022,1,1,0,0,1,0,1,1,0,1,0,0
2022-01,동작구,2022,1,0,0,0,0,0,0,0,0,0,0,0
2022-01,마포구,2022,1,0,0,0,0,0,0,0,0,0,0,0
2022-01,서대문구,2022,1,0,0,0,0,0,0,0,0,0,0,0
2022-01,서초구,2022,1,0,0,0,0,0,0,0,0,0,0,0
2022-01,성동구,2022,1,2,0,0,2,0,2,2,0,2,0,1
2022-01,성북구,2022,1,0,0,0,0,0,0,0,0,0,0,0
2022-01,송파구,2022,1,2,0,1,1,0,2,2,1,1,1,1
2022-01,양천구,2022,1,1,0,0,1,0,1,1,0,0,1,1
2022-01,영등포구,2022,1,0,0,0,0,0,0,0,0,0,0,0
2022-01,용산구,2022,1,0,0,0,0,0,0,0,0,0,0,0
2022-01,은평구,2022,1,0,0,0,0,0,0,0,0,0,0,0
2022-01,종로구,2022,1,1,0,0,1,0,1,1,0,0,1,0
2022-01,중구,2022,1,0,0,0,0,0,0,0,0,0,0,0
2022-01,중랑구,2022,1,0,0,0,0,0,0,0,0,0,0,0
2022-02,강남구,2022,2,3,0,1,2,0,3,3,1,2,1,2
2022-02,강동구,2022,2,0,0,0,0,0,0,0,0,0,0,0
2022-02,강북구,2022,2,0,0,0,0,0,0,0,0,0,0,0
2022-02,강서구,2022,2,0,0,0,0,0,0,0,0,0,0,0
2022-02,관악구,2022,2,1,0,0,1,0,1,1,0,1,0,1
2022-02,광진구,2022,2,1,0,1,0,0,1,1,1,1,0,1
2022-02,구로구,2022,2,2,0,0,2,0,2,2,0,1,1,1
2022-02,금천구,2022,2,2,0,1,1,0,2,2,1,0,2,0
2022-02,노원구,2022,2,1,0,0,0,1,1,1,0,1,0,1
2022-02,도봉구,2022,2,0,0,0,0,0,0,0,0,0,0,0
2022-02,동대문구,2022,2,1,0,0,1,0,1,1,0,1,0,1
2022-02,동작구,2022,2,1,0,0,1,0,1,1,0,0,1,1
2022-02,마포구,2022,2,0,0,0,0,0,0,0,0,0,0,0
2022-02,서대문구,2022,2,0,0,0,0,0,0,0,0,0,0,0
2022-02,서초구,2022,2,0,0,0,0,0,0,0,0,0,0,0
2022-02,성동구,2022,2,0,0,0,0,0,0,0,0,0,0,0
2022-02,성북구,2022,2,0,0,0,0,0,0,0,0,0,0,0
2022-02,송파구,2022,2,1,0,0,1,0,1,1,0,1,0,0
2022-02,양천구,2022,2,0,0,0,0,0,0,0,0,0,0,0
2022-02,영등포구,2022,2,2,0,1,1,0,2,2,1,1,1,2
2022-02,용산구,2022,2,0,0,0,0,0,0,0,0,0,0,0
2022-02,은평구,2022,2,0,0,0,0,0,0,0,0,0,0,0
2022-02,종로구,2022,2,0,0,0,0,0,0,0,0,0,0,0
2022-02,중구,2022,2,0,0,0,0,0,0,0,0,0,0,0
2022-02,중랑구,2022,2,0,0,0,0,0,0,0,0,0,0,0
2022-03,강남구,2022,3,1,0,0,1,0,1,1,0,1,0,1
2022-03,강동구,2022,3,2,0,2,1,0,3,3,2,1,1,0
2022-03,강북구,2022,3,0,0,0,0,0,0,0,0,0,0,0
2022-03,강서구,2022,3,0,0,0,0,0,0,0,0,0,0,0
2022-03,관악구,2022,3,1,0,0,1,0,1,1,0,1,0,1
2022-03,광진구,2022,3,1,0,0,1,0,1,1,0,0,1,1
2022-03,구로구,2022,3,2,0,1,1,0,2,2,1,2,0,0
2022-03,금천구,2022,3,0,0,0,0,0,0,0,0,0,0,0
2022-03,노원구,2022,3,1,0,0,1,0,1,1,0,1,0,0
2022-03,도봉구,2022,3,0,0,0,0,0,0,0,0,0,0,0
2022-03,동대문구,2022,3,3,0,1,2,0,3,3,1,1,2,1
2022-03,동작구,2022,3,1,0,0,1,1,2,2,0,1,0,0
2022-03,마포구,2022,3,2,0,0,1,1,2,2,0,2,0,2
2022-03,서대문구,2022,3,1,0,0,0,1,1,1,0,1,0,0
2022-03,서초구,2022,3,3,0,0,2,1,3,3,0,3,0,0
2022-03,성동구,2022,3,1,0,0,2,0,2,2,0,1,0,1
2022-03,성북구,2022,3,1,0,0,1,0,1,1,0,0,1,1
2022-03,송파구,2022,3,5,0,1,3,1,5,5,1,3,2,3
2022-03,양천구,2022,3,0,0,0,0,0,0,0,0,0,0,0
2022-03,영등포구,2022,3,1,0,0,0,1,1,1,0,1,0,0
2022-03,용산구,2022,3,0,0,0,0,0,0,0,0,0,0,0
2022-03,은평구,2022,3,4,0,2,2,0,4,4,2,1,3,2
2022-03,종로구,2022,3,0,0,0,0,0,0,0,0,0,0,0
2022-03,중구,2022,3,0,0,0,0,0,0,0,0,0,0,0
2022-03,중랑구,2022,3,1,0,1,0,0,1,1,1,1,0,1
2022-04,강남구,2022,4,8,0,2,7,0,9,9,2,6,2,5
2022-04,강동구,2022,4,1,0,0,1,0,1,1,0,1,0,0
2022-04,강북구,2022,4,0,0,0,0,0,0,0,0,0,0,0
2022-04,강서구,2022,4,2,0,1,1,0,2,2,1,1,1,1
2022-04,관악구,2022,4,1,0,1,0,0,1,1,1,1,0,1
2022-04,광진구,2022,4,1,0,0,1,0,1,1,0,1,0,1
2022-04,구로구,2022,4,1,0,1,0,0,1,1,1,0,1,1
2022-04,금천구,2022,4,0,0,0,0,0,0,0,0,0,0,0
2022-04,노원구,2022,4,5,0,0,2,3,5,5,0,2,3,3
2022-04,도봉구,2022,4,0,0,0,0,0,0,0,0,0,0,0
2022-04,동대문구,2022,4,3,0,2,1,0,3,3,2,2,1,1
2022-04,동작구,2022,4,0,0,0,0,0,0,0,0,0,0,0
2022-04,마포구,2022,4,5,0,2,1,2,5,5,2,5,0,2
2022-04,서대문구,2022,4,3,0,1,2,1,4,4,1,2,1,0
2022-04,서초구,2022,4,1,0,1,0,0,1,1,1,0,1,0
2022-04,성동구,2022,4,2,0,1,1,0,2,2,1,2,0,1
2022-04,성북구,2022,4,2,0,0,1,1,2,2,0,1,1,2
2022-04,송파구,2022,4,5,0,1,4,1,6,6,1,3,2,3
2022-04,양천구,2022,4,0,0,0,0,0,0,0,0,0,0,0
2022-04,영등포구,2022,4,0,0,0,0,0,0,0,0,0,0,0
2022-04,용산구,2022,4,3,0,2,1,0,3,3,2,0,3,0
2022-04,은평구,2022,4,0,0,0,0,0,0,0,0,0,0,0
2022-04,종로구,2022,4,3,0,1,1,2,4,4,1,3,0,2
2022-04,중구,2022,4,2,0,0,1,1,2,2,0,2,0,1
2022-04,중랑구,2022,4,2,0,1,0,1,2,2,1,1,1,1
2022-05,강남구,2022,5,13,2,2,12,1,15,17,4,10,4,7
2022-05,강동구,2022,5,0,0,0,0,0,0,0,0,0,0,0
2022-05,강북구,2022,5,1,0,0,1,0,1,1,0,0,1,0
2022-05,강서구,2022,5,0,0,0,0,0,0,0,0,0,0,0
2022-05,관악구,2022,5,1,0,0,1,0,1,1,0,0,1,0
2022-05,광진구,2022,5,4,0,1,3,0,4,4,1,4,0,3
2022-05,구로구,2022,5,1,0,2,0,0,2,2,2,1,0,0
2022-05,금천구,2022,5,1,0,0,1,0,1,1,0,0,1,0
2022-05,노원구,2022,5,3,0,1,2,0,3,3,1,2,1,1
2022-05,도봉구,2022,5,0,0,0,0,0,0,0,0,0,0,0
2022-05,동대문구,2022,5,1,0,0,1,0,1,1,0,0,1,1
2022-05,동작구,2022,5,0,0,0,0,0,0,0,0,0,0,0
2022-05,마포구,2022,5,2,0,0,2,0,2,2,0,1,1,1
2022-05,서대문구,2022,5,1,0,0,0,1,1,1,0,1,0,0
2022-05,서초구,2022,5,5,0,2,6,0,8,8,2,3,2,3
2022-05,성동구,2022,5,3,0,1,1,1,3,3,1,3,0,2
2022-05,성북구,2022,5,2,0,0,1,1,2,2,0,1,1,1
2022-05,송파구,2022,5,3,0,3,0,0,3,3,3,2,1,1
2022-05,양천구,2022,5,0,0,0,0,0,0,0,0,0,0,0
2022-05,영등포구,2022,5,1,0,1,0,0,1,1,1,0,1,1
2022-05,용산구,2022,5,0,0,0,0,0,0,0,0,0,0,0
2022-05,은평구,2022,5,2,0,2,0,1,3,3,2,2,0,1
2022-05,종로구,2022,5,1,0,0,1,0,1,1,0,1,0,1
2022-05,중구,2022,5,0,0,0,0,0,0,0,0,0,0,0
2022-05,중랑구,2022,5,2,0,0,2,0,2,2,0,2,0,1
2022-06,강남구,2022,6,11,0,4,7,0,11,11,4,8,3,5
2022-06,강동구,2022,6,1,0,0,1,0,1,1,0,1,0,1
2022-06,강북구,2022,6,0,0,0,0,0,0,0,0,0,0,0
2022-06,강서구,2022,6,2,0,1,0,1,2,2,1,1,1,1
2022-06,관악구,2022,6,3,0,0,4,0,4,4,0,2,1,2
2022-06,광진구,2022,6,3,0,1,2,0,3,3,1,3,0,3
2022-06,구로구,2022,6,1,0,0,1,2,3,3,0,1,0,1
2022-06,금천구,2022,6,0,0,0,0,0,0,0,0,0,0,0
2022-06,노원구,2022,6,3,0,1,1,1,3,3,1,3,0,1
2022-06,도봉구,2022,6,0,0,0,0,0,0,0,0,0,0,0
2022-06,동대문구,2022,6,3,0,1,0,2,3,3,1,2,1,2
2022-06,동작구,2022,6,1,0,1,1,0,2,2,1,1,0,1
2022-06,마포구,2022,6,1,0,0,2,1,3,3,0,1,0,0
2022-06,서대문구,2022,6,5,0,1,4,1,6,6,1,4,1,4
2022-06,서초구,2022,6,4,0,0,5,0,5,5,0,3,1,2
2022-06,성동구,2022,6,3,0,0,1,2,3,3,0,2,1,1
2022-06,성북구,2022,6,1,0,1,0,0,1,1,1,1,0,0
2022-06,송파구,2022,6,10,1,2,7,2,11,12,3,7,3,6
2022-06,양천구,2022,6,0,0,0,0,0,0,0,0,0,0,0
2022-06,영등포구,2022,6,5,0,2,2,1,5,5,2,3,2,0
2022-06,용산구,2022,6,0,0,0,0,0,0,0,0,0,0,0
2022-06,은평구,2022,6,2,0,0,1,1,2,2,0,2,0,1
2022-06,종로구,2022,6,0,0,0,0,0,0,0,0,0,0,0
2022-06,중구,2022,6,1,0,0,2,0,2,2,0,1,0,1
2022-06,중랑구,2022,6,1,0,1,1,0,2,2,1,0,1,1
2022-07,강남구,2022,7,18,0,3,12,4,19,19,3,15,3,12
2022-07,강동구,2022,7,2,0,0,2,0,2,2,0,1,1,1
2022-07,강북구,2022,7,2,0,1,3,0,4,4,1,2,0,1
2022-07,강서구,2022,7,0,0,0,0,0,0,0,0,0,0,0
2022-07,관악구,2022,7,2,0,0,2,0,2,2,0,2,0,2
2022-07,광진구,2022,7,3,0,0,3,0,3,3,0,2,1,3
2022-07,구로구,2022,7,1,0,1,0,0,1,1,1,1,0,0
2022-07,금천구,2022,7,4,0,1,2,1,4,4,1,3,1,1
2022-07,노원구,2022,7,3,0,1,2,0,3,3,1,1,2,1
2022-07,도봉구,2022,7,1,0,0,1,0,1,1,0,1,0,1
2022-07,동대문구,2022,7,2,0,0,2,0,2,2,0,1,1,1
2022-07,동작구,2022,7,3,0,0,4,0,4,4,0,3,0,1
2022-07,마포구,2022,7,5,0,1,2,3,6,6,1,3,2,3
2022-07,서대문구,2022,7,0,0,0,0,0,0,0,0,0,0,0
2022-07,서초구,2022,7,5,0,3,3,0,6,6,3,4,1,4
2022-07,성동구,2022,7,3,0,1,3,0,4,4,1,0,3,1
2022-07,성북구,2022,7,4,0,2,3,0,5,5,2,3,1,1
2022-07,송파구,2022,7,7,0,0,3,4,7,7,0,6,1,4
2022-07,양천구,2022,7,1,0,0,1,0,1,1,0,1,0,0
2022-07,영등포구,2022,7,3,1,1,1,0,2,3,2,3,0,2
2022-07,용산구,2022,7,0,0,0,0,0,0,0,0,0,0,0
2022-07,은평구,2022,7,1,0,0,1,0,1,1,0,1,0,1
2022-07,종로구,2022,7,3,0,0,3,1,4,4,0,2,1,1
2022-07,중구,2022,7,4,0,1,3,0,4,4,1,3,1,3
2022-07,중랑구,2022,7,5,0,2,3,0,5,5,2,3,2,2
2022-08,강남구,2022,8,11,0,3,8,1,12,12,3,10,1,7
2022-08,강동구,2022,8,2,0,1,1,0,2,2,1,0,2,1
2022-08,강북구,2022,8,3,0,1,4,0,5,5,1,1,2,1
2022-08,강서구,2022,8,3,0,0,2,1,3,3,0,2,1,0
2022-08,관악구,2022,8,2,0,1,1,0,2,2,1,1,1,2
2022-08,광진구,2022,8,2,0,0,2,0,2,2,0,2,0,1
2022-08,구로구,2022,8,3,0,0,2,1,3,3,0,2,1,0
2022-08,금천구,2022,8,2,0,1,2,0,3,3,1,2,0,2
2022-08,노원구,2022,8,8,0,0,7,1,8,8,0,7,1,1
2022-08,도봉구,2022,8,2,0,1,1,1,3,3,1,1,1,0
2022-08,동대문구,2022,8,1,0,0,0,1,1,1,0,1,0,1
2022-08,동작구,2022,8,4,0,2,2,1,5,5,2,2,2,2
2022-08,마포구,2022,8,2,1,0,1,0,1,2,1,2,0,2
2022-08,서대문구,2022,8,2,0,0,0,2,2,2,0,2,0,1
2022-08,서초구,2022,8,2,0,0,2,0,2,2,0,1,1,1
2022-08,성동구,2022,8,1,0,1,0,0,1,1,1,1,0,1
2022-08,성북구,2022,8,2,0,0,2,0,2,2,0,1,1,0
2022-08,송파구,2022,8,7,0,6,2,0,8,8,6,4,3,2
2022-08,양천구,2022,8,1,0,0,1,0,1,1,0,1,0,0
2022-08,영등포구,2022,8,2,0,0,1,1,2,2,0,2,0,1
2022-08,용산구,2022,8,2,0,2,0,1,3,3,2,2,0,1
2022-08,은평구,2022,8,1,0,1,0,0,1,1,1,0,1,1
2022-08,종로구,2022,8,6,0,1,5,2,8,8,1,5,1,3
2022-08,중구,2022,8,1,0,1,0,0,1,1,1,1,0,0
2022-08,중랑구,2022,8,2,0,1,0,1,2,2,1,1,1,2
2022-09,강남구,2022,9,9,0,2,6,1,9,9,2,6,4,5
2022-09,강동구,2022,9,0,0,0,0,0,0,0,0,0,0,0
2022-09,강북구,2022,9,0,0,0,0,0,0,0,0,0,0,0
2022-09,강서구,2022,9,1,0,0,1,0,1,1,0,0,1,0
2022-09,관악구,2022,9,2,0,1,1,0,2,2,1,1,1,1
2022-09,광진구,2022,9,4,0,1,2,1,4,4,1,1,3,3
2022-09,구로구,2022,9,3,0,0,3,1,4,4,0,3,0,1
2022-09,금천구,2022,9,2,0,0,2,0,2,2,0,2,0,2
2022-09,노원구,2022,9,4,0,0,4,0,4,4,0,3,1,0
2022-09,도봉구,2022,9,1,0,0,1,0,1,1,0,1,0,1
2022-09,동대문구,2022,9,2,0,0,2,0,2,2,0,0,2,2
2022-09,동작구,2022,9,2,0,1,2,0,3,3,1,1,1,0
2022-09,마포구,2022,9,8,0,3,5,0,8,8,3,3,5,4
2022-09,서대문구,2022,9,3,0,0,3,0,3,3,0,3,0,1
2022-09,서초구,2022,9,5,0,1,6,0,7,7,1,4,1,4
2022-09,성동구,2022,9,1,0,0,1,0,1,1,0,0,1,1
2022-09,성북구,2022,9,0,0,0,0,0,0,0,0,0,0,0
2022-09,송파구,2022,9,10,0,1,8,2,11,11,1,6,4,4
2022-09,양천구,2022,9,4,0,2,2,0,4,4,2,2,2,3
2022-09,영등포구,2022,9,3,0,0,4,1,5,5,0,2,1,1
2022-09,용산구,2022,9,1,0,0,1,0,1,1,0,1,0,1
2022-09,은평구,2022,9,0,0,0,0,0,0,0,0,0,0,0
2022-09,종로구,2022,9,0,0,0,0,0,0,0,0,0,0,0
2022-09,중구,2022,9,1,0,0,1,0,1,1,0,1,0,1
2022-09,중랑구,2022,9,1,0,0,1,0,1,1,0,0,1,1
2022-10,강남구,2022,10,14,0,3,8,3,14,14,3,11,3,9
2022-10,강동구,2022,10,0,0,0,0,0,0,0,0,0,0,0
2022-10,강북구,2022,10,0,0,0,0,0,0,0,0,0,0,0
2022-10,강서구,2022,10,4,0,1,3,1,5,5,1,4,0,1
2022-10,관악구,2022,10,0,0,0,0,0,0,0,0,0,0,0
2022-10,광진구,2022,10,4,0,1,2,1,4,4,1,4,0,1
2022-10,구로구,2022,10,0,0,0,0,0,0,0,0,0,0,0
2022-10,금천구,2022,10,1,0,0,1,0,1,1,0,1,0,1
2022-10,노원구,2022,10,6,0,2,4,0,6,6,2,5,1,2
2022-10,도봉구,2022,10,0,0,0,0,0,0,0,0,0,0,0
2022-10,동대문구,2022,10,1,0,0,1,0,1,1,0,1,0,1
2022-10,동작구,2022,10,3,0,0,2,1,3,3,0,3,0,1
2022-10,마포구,2022,10,4,0,0,3,2,5,5,0,2,2,2
2022-10,서대문구,2022,10,1,0,1,0,0,1,1,1,1,0,0
2022-10,서초구,2022,10,1,0,1,0,0,1,1,1,0,1,1
2022-10,성동구,2022,10,5,0,3,2,0,5,5,3,4,1,4
2022-10,성북구,2022,10,2,0,0,2,0,2,2,0,2,0,0
2022-10,송파구,2022,10,3,0,0,4,0,4,4,0,2,2,2
2022-10,양천구,2022,10,0,0,0,0,0,0,0,0,0,0,0
2022-10,영등포구,2022,10,1,0,1,0,1,2,2,1,1,0,0
2022-10,용산구,2022,10,1,0,0,0,1,1,1,0,1,0,1
2022-10,은평구,2022,10,2,0,0,1,1,2,2,0,2,0,0
2022-10,종로구,2022,10,1,0,1,0,0,1,1,1,1,0,0
2022-10,중구,2022,10,2,0,0,1,1,2,2,0,2,0,0
2022-10,중랑구,2022,10,1,0,0,1,0,1,1,0,0,1,1
2022-11,강남구,2022,11,11,0,3,7,1,11,11,3,8,3,5
2022-11,강동구,2022,11,1,0,0,1,0,1,1,0,0,1,0
2022-11,강북구,2022,11,2,0,1,1,0,2,2,1,0,2,1
2022-11,강서구,2022,11,2,0,2,0,0,2,2,2,1,1,0
2022-11,관악구,2022,11,2,0,0,2,0,2,2,0,1,1,2
2022-11,광진구,2022,11,3,0,2,1,0,3,3,2,1,2,2
2022-11,구로구,2022,11,3,0,1,2,0,3,3,1,0,3,2
2022-11,금천구,2022,11,0,0,0,0,0,0,0,0,0,0,0
2022-11,노원구,2022,11,0,0,0,0,0,0,0,0,0,0,0
2022-11,도봉구,2022,11,2,0,0,1,1,2,2,0,1,1,1
2022-11,동대문구,2022,11,2,0,1,2,0,3,3,1,1,1,1
2022-11,동작구,2022,11,2,0,1,1,1,3,3,1,1,1,2
2022-11,마포구,2022,11,3,0,0,3,1,4,4,0,3,0,1
2022-11,서대문구,2022,11,2,0,1,0,2,3,3,1,1,1,1
2022-11,서초구,2022,11,3,0,0,3,0,3,3,0,1,2,1
2022-11,성동구,2022,11,2,0,0,3,0,3,3,0,1,1,1
2022-11,성북구,2022,11,1,0,1,0,0,1,1,1,1,0,1
2022-11,송파구,2022,11,6,0,1,5,0,6,6,1,5,2,1
2022-11,양천구,2022,11,0,0,0,0,0,0,0,0,0,0,0
2022-11,영등포구,2022,11,0,0,0,0,0,0,0,0,0,0,0
2022-11,용산구,2022,11,1,0,1,0,0,1,1,1,1,0,0
2022-11,은평구,2022,11,0,0,0,0,0,0,0,0,0,0,0
2022-11,종로구,2022,11,1,0,0,1,0,1,1,0,1,0,0
2022-11,중구,2022,11,2,0,2,0,0,2,2,2,1,1,1
2022-11,중랑구,2022,11,1,0,1,0,0,1,1,1,1,0,0
2022-12,강남구,2022,12,4,0,3,1,1,5,5,3,3,1,0
2022-12,강동구,2022,12,0,0,0,0,0,0,0,0,0,0,0
2022-12,강북구,2022,12,0,0,0,0,0,0,0,0,0,0,0
2022-12,강서구,2022,12,1,0,0,0,1,1,1,0,1,0,0
2022-12,관악구,2022,12,3,0,2,1,0,3,3,2,3,0,2
2022-12,광진구,2022,12,0,0,0,0,0,0,0,0,0,0,0
2022-12,구로구,2022,12,0,0,0,0,0,0,0,0,0,0,0
2022-12,금천구,2022,12,0,0,0,0,0,0,0,0,0,0,0
2022-12,노원구,2022,12,2,0,1,2,0,3,3,1,1,1,2
2022-12,도봉구,2022,12,0,0,0,0,0,0,0,0,0,0,0
2022-12,동대문구,2022,12,0,0,0,0,0,0,0,0,0,0,0
2022-12,동작구,2022,12,1,0,0,1,0,1,1,0,1,0,1
2022-12,마포구,2022,12,1,0,0,1,0,1,1,0,1,0,0
2022-12,서대문구,2022,12,1,0,0,1,0,1,1,0,1,0,1
2022-12,서초구,2022,12,2,0,0,1,1,2,2,0,2,0,2
2022-12,성동구,2022,12,0,0,0,0,0,0,0,0,0,0,0
2022-12,성북구,2022,12,0,0,0,0,0,0,0,0,0,0,0
2022-12,송파구,2022,12,3,0,0,2,1,3,3,0,2,1,1
2022-12,양천구,2022,12,1,0,0,1,0,1,1,0,1,0,0
2022-12,영등포구,2022,12,2,0,1,1,0,2,2,1,0,2,1
2022-12,용산구,2022,12,0,0,0,0,0,0,0,0,0,0,0
2022-12,은평구,2022,12,0,0,0,0,0,0,0,0,0,0,0
2022-12,종로구,2022,12,1,0,0,0,1,1,1,0,1,0,0
2022-12,중구,2022,12,0,0,0,0,0,0,0,0,0,0,0
2022-12,중랑구,2022,12,0,0,0,0,0,0,0,0,0,0,0
2023-01,강남구,2023,1,4,0,0,4,0,4,4,0,3,1,1
2023-01,강동구,2023,1,0,0,0,0,0,0,0,0,0,0,0
2023-01,강북구,2023,1,2,0,1,0,1,2,2,1,1,1,2
2023-01,강서구,2023,1,0,0,0,0,0,0,0,0,0,0,0
2023-01,관악구,2023,1,0,0,0,0,0,0,0,0,0,0,0
2023-01,광진구,2023,1,1,0,0,1,0,1,1,0,1,0,1
2023-01,구로구,2023,1,1,0,0,0,1,1,1,0,1,0,1
2023-01,금천구,2023,1,1,0,1,0,0,1,1,1,1,0,1
2023-01,노원구,2023,1,0,0,0,0,0,0,0,0,0,0,0
2023-01,도봉구,2023,1,0,0,0,0,0,0,0,0,0,0,0
2023-01,동대문구,2023,1,1,0,1,0,0,1,1,1,0,1,0
2023-01,동작구,2023,1,0,0,0,0,0,0,0,0,0,0,0
2023-01,마포구,2023,1,0,0,0,0,0,0,0,0,0,0,0
2023-01,서대문구,2023,1,1,0,1,0,0,1,1,1,0,1,0
2023-01,서초구,2023,1,2,0,0,0,2,2,2,0,2,0,2
2023-01,성동구,2023,1,0,0,0,0,0,0,0,0,0,0,0
2023-01,성북구,2023,1,1,0,0,1,0,1,1,0,1,0,1
2023-01,송파구,2023,1,3,0,2,0,1,3,3,2,3,0,0
2023-01,양천구,2023,1,1,0,1,0,0,1,1,1,1,0,0
2023-01,영등포구,2023,1,0,0,0,0,0,0,0,0,0,0,0
2023-01,용산구,2023,1,0,0,0,0,0,0,0,0,0,0,0
2023-01,은평구,2023,1,1,0,0,0,1,1,1,0,1,0,1
2023-01,종로구,2023,1,5,0,0,4,1,5,5,0,5,0,1
2023-01,중구,2023,1,1,0,0,1,0,1,1,0,0,1,0
2023-01,중랑구,2023,1,0,0,0,0,0,0,0,0,0,0,0
2023-02,강남구,2023,2,5,0,0,5,0,5,5,0,4,1,3
2023-02,강동구,2023,2,1,0,0,1,0,1,1,0,1,0,0
2023-02,강북구,2023,2,1,0,0,1,0,1,1,0,0,1,0
2023-02,강서구,2023,2,0,0,0,0,0,0,0,0,0,0,0
2023-02,관악구,2023,2,2,0,2,0,0,2,2,2,2,0,1
2023-02,광진구,2023,2,0,0,0,0,0,0,0,0,0,0,0
2023-02,구로구,2023,2,0,0,0,0,0,0,0,0,0,0,0
2023-02,금천구,2023,2,0,0,0,0,0,0,0,0,0,0,0
2023-02,노원구,2023,2,0,0,0,0,0,0,0,0,0,0,0
2023-02,도봉구,2023,2,0,0,0,0,0,0,0,0,0,0,0
2023-02,동대문구,2023,2,2,0,1,0,1,2,2,1,2,0,1
2023-02,동작구,2023,2,0,0,0,0,0,0,0,0,0,0,0
2023-02,마포구,2023,2,0,0,0,0,0,0,0,0,0,0,0
2023-02,서대문구,2023,2,0,0,0,0,0,0,0,0,0,0,0
2023-02,서초구,2023,2,3,0,1,2,0,3,3,1,2,1,1
2023-02,성동구,2023,2,1,1,0,0,0,0,1,1,1,0,0
2023-02,성북구,2023,2,2,0,0,1,1,2,2,0,1,1,1
2023-02,송파구,2023,2,2,0,1,1,0,2,2,1,1,1,2
2023-02,양천구,2023,2,0,0,0,0,0,0,0,0,0,0,0
2023-02,영등포구,2023,2,2,0,2,1,1,4,4,2,0,2,1
2023-02,용산구,2023,2,1,0,0,1,0,1,1,0,0,1,0
2023-02,은평구,2023,2,0,0,0,0,0,0,0,0,0,0,0
2023-02,종로구,2023,2,2,0,1,1,0,2,2,1,2,0,2
2023-02,중구,2023,2,0,0,0,0,0,0,0,0,0,0,0
2023-02,중랑구,2023,2,1,0,0,1,0,1,1,0,0,1,0
2023-03,강남구,2023,3,7,0,1,5,1,7,7,1,6,1,3
2023-03,강동구,2023,3,2,0,0,2,0,2,2,0,1,1,0
2023-03,강북구,2023,3,1,0,0,1,0,1,1,0,1,0,1
2023-03,강서구,2023,3,2,0,1,1,0,2,2,1,2,0,2
2023-03,관악구,2023,3,1,0,0,1,0,1,1,0,1,0,0
2023-03,광진구,2023,3,0,0,0,0,0,0,0,0,0,0,0
2023-03,구로구,2023,3,2,0,1,2,1,4,4,1,2,0,0
2023-03,금천구,2023,3,1,0,0,0,1,1,1,0,1,0,0
2023-03,노원구,2023,3,2,0,1,1,0,2,2,1,2,0,0
2023-03,도봉구,2023,3,0,0,0,0,0,0,0,0,0,0,0
2023-03,동대문구,2023,3,1,0,0,1,0,1,1,0,1,0,1
2023-03,동작구,2023,3,1,0,0,1,0,1,1,0,0,1,1
2023-03,마포구,2023,3,4,0,1,3,0,4,4,1,4,0,1
2023-03,서대문구,2023,3,2,0,2,0,0,2,2,2,1,1,1
2023-03,서초구,2023,3,1,0,1,0,0,1,1,1,0,1,1
2023-03,성동구,2023,3,3,0,1,2,0,3,3,1,2,1,0
2023-03,성북구,2023,3,2,0,1,1,0,2,2,1,2,0,2
2023-03,송파구,2023,3,6,0,4,2,1,7,7,4,3,3,4
2023-03,양천구,2023,3,0,0,0,0,0,0,0,0,0,0,0
2023-03,영등포구,2023,3,1,0,0,1,0,1,1,0,1,0,0
2023-03,용산구,2023,3,1,0,1,0,0,1,1,1,0,1,0
2023-03,은평구,2023,3,1,0,0,0,1,1,1,0,0,1,1
2023-03,종로구,2023,3,1,0,0,1,0,1,1,0,1,0,0
2023-03,중구,2023,3,1,0,0,1,0,1,1,0,1,0,0
2023-03,중랑구,2023,3,1,0,0,1,0,1,1,0,0,1,0
2023-04,강남구,2023,4,21,0,5,16,2,23,23,5,18,3,11
2023-04,강동구,2023,4,3,0,2,3,1,6,6,2,3,0,0
2023-04,강북구,2023,4,1,0,0,0,1,1,1,0,1,0,1
2023-04,강서구,2023,4,1,0,1,0,0,1,1,1,0,1,1
2023-04,관악구,2023,4,5,0,0,6,0,6,6,0,3,2,1
2023-04,광진구,2023,4,1,0,1,0,0,1,1,1,0,1,0
2023-04,구로구,2023,4,3,0,0,3,0,3,3,0,2,1,1
2023-04,금천구,2023,4,2,0,0,2,0,2,2,0,1,1,1
2023-04,노원구,2023,4,4,0,2,1,1,4,4,2,2,2,2
2023-04,도봉구,2023,4,2,0,2,1,0,3,3,2,1,1,1
2023-04,동대문구,2023,4,2,0,0,1,1,2,2,0,2,1,1
2023-04,동작구,2023,4,1,0,0,1,0,1,1,0,1,0,0
2023-04,마포구,2023,4,2,0,0,2,0,2,2,0,2,0,1
2023-04,서대문구,2023,4,2,0,0,0,2,2,2,0,2,0,1
2023-04,서초구,2023,4,2,0,1,2,0,3,3,1,1,1,1
2023-04,성동구,2023,4,2,0,2,0,0,2,2,2,1,1,0
2023-04,성북구,2023,4,1,0,0,0,1,1,1,0,1,0,1
2023-04,송파구,2023,4,8,0,3,5,2,10,10,3,5,3,1
2023-04,양천구,2023,4,0,0,0,0,0,0,0,0,0,0,0
2023-04,영등포구,2023,4,1,0,0,1,0,1,1,0,0,1,1
2023-04,용산구,2023,4,0,0,0,0,0,0,0,0,0,0,0
2023-04,은평구,2023,4,2,0,0,2,0,2,2,0,0,2,1
2023-04,종로구,2023,4,0,0,0,0,0,0,0,0,0,0,0
2023-04,중구,2023,4,0,0,0,0,0,0,0,0,0,0,0
2023-04,중랑구,2023,4,0,0,0,0,0,0,0,0,0,0,0
2023-05,강남구,2023,5,12,0,3,8,1,12,12,3,11,1,5
2023-05,강동구,2023,5,0,0,0,0,0,0,0,0,0,0,0
2023-05,강북구,2023,5,2,0,0,2,0,2,2,0,1,1,1
2023-05,강서구,2023,5,2,0,1,1,0,2,2,1,1,1,2
2023-05,관악구,2023,5,1,0,0,0,1,1,1,0,1,0,1
2023-05,광진구,2023,5,3,0,0,3,0,3,3,0,2,1,1
2023-05,구로구,2023,5,2,0,2,0,0,2,2,2,1,1,1
2023-05,금천구,2023,5,0,0,0,0,0,0,0,0,0,0,0
2023-05,노원구,2023,5,6,0,0,7,0,7,7,0,5,1,1
2023-05,도봉구,2023,5,1,0,0,0,1,1,1,0,1,0,1
2023-05,동대문구,2023,5,3,0,2,1,0,3,3,2,2,1,0
2023-05,동작구,2023,5,1,0,0,1,0,1,1,0,0,1,0
2023-05,마포구,2023,5,1,0,0,1,0,1,1,0,1,0,0
2023-05,서대문구,2023,5,0,0,0,0,0,0,0,0,0,0,0
2023-05,서초구,2023,5,3,1,3,1,0,4,5,4,2,1,2
2023-05,성동구,2023,5,0,0,0,0,0,0,0,0,0,0,0
2023-05,성북구,2023,5,2,0,0,1,1,2,2,0,2,0,2
2023-05,송파구,2023,5,4,0,1,3,0,4,4,1,2,2,3
2023-05,양천구,2023,5,0,0,0,0,0,0,0,0,0,0,0
2023-05,영등포구,2023,5,2,0,0,2,0,2,2,0,2,0,1
2023-05,용산구,2023,5,3,1,1,2,0,3,4,2,3,0,3
2023-05,은평구,2023,5,2,0,0,2,0,2,2,0,1,1,1
2023-05,종로구,2023,5,0,0,0,0,0,0,0,0,0,0,0
2023-05,중구,2023,5,1,0,0,1,0,1,1,0,0,1,1
2023-05,중랑구,2023,5,0,0,0,0,0,0,0,0,0,0,0
2023-06,강남구,2023,6,15,0,4,9,2,15,15,4,12,3,10
2023-06,강동구,2023,6,0,0,0,0,0,0,0,0,0,0,0
2023-06,강북구,2023,6,2,0,1,2,0,3,3,1,1,1,1
2023-06,강서구,2023,6,5,0,1,2,2,5,5,1,4,1,3
2023-06,관악구,2023,6,1,0,0,1,0,1,1,0,1,0,1
2023-06,광진구,2023,6,1,0,1,0,0,1,1,1,1,0,0
2023-06,구로구,2023,6,4,0,0,5,1,6,6,0,3,1,2
2023-06,금천구,2023,6,0,0,0,0,0,0,0,0,0,0,0
2023-06,노원구,2023,6,5,0,1,3,1,5,5,1,5,0,2
2023-06,도봉구,2023,6,2,0,1,1,0,2,2,1,1,1,1
2023-06,동대문구,2023,6,3,0,0,1,2,3,3,0,3,0,2
2023-06,동작구,2023,6,4,0,2,2,0,4,4,2,3,1,4
2023-06,마포구,2023,6,0,0,0,0,0,0,0,0,0,0,0
2023-06,서대문구,2023,6,1,0,0,1,0,1,1,0,1,0,0
2023-06,서초구,2023,6,7,0,1,7,0,8,8,1,6,1,4
2023-06,성동구,2023,6,1,0,0,1,0,1,1,0,1,0,0
2023-06,성북구,2023,6,2,0,1,0,1,2,2,1,1,1,1
2023-06,송파구,2023,6,9,0,3,5,1,9,9,3,7,2,7
2023-06,양천구,2023,6,0,0,0,0,0,0,0,0,0,0,0
2023-06,영등포구,2023,6,1,0,0,1,0,1,1,0,1,0,0
2023-06,용산구,2023,6,1,0,0,1,0,1,1,0,1,0,0
2023-06,은평구,2023,6,0,0,0,0,0,0,0,0,0,0,0
2023-06,종로구,2023,6,4,0,2,5,0,7,7,2,4,0,1
2023-06,중구,2023,6,3,0,0,2,1,3,3,0,1,2,2
2023-06,중랑구,2023,6,5,0,3,2,0,5,5,3,3,2,1
2023-07,강남구,2023,7,20,0,5,12,3,20,20,5,16,4,7
2023-07,강동구,2023,7,1,0,0,1,0,1,1,0,0,1,0
2023-07,강북구,2023,7,1,0,1,1,0,2,2,1,1,0,1
2023-07,강서구,2023,7,3,0,0,4,0,4,4,0,3,0,0
2023-07,관악구,2023,7,2,0,0,2,0,2,2,0,2,0,1
2023-07,광진구,2023,7,1,0,0,1,0,1,1,0,1,0,1
2023-07,구로구,2023,7,3,0,0,3,2,5,5,0,2,1,2
2023-07,금천구,2023,7,4,0,2,2,0,4,4,2,4,0,2
2023-07,노원구,2023,7,2,0,2,1,0,3,3,2,1,1,2
2023-07,도봉구,2023,7,3,0,0,2,1,3,3,0,2,1,3
2023-07,동대문구,2023,7,3,0,2,1,0,3,3,2,2,1,1
2023-07,동작구,2023,7,3,0,0,3,0,3,3,0,1,2,1
2023-07,마포구,2023,7,4,0,1,3,1,5,5,1,3,1,2
2023-07,서대문구,2023,7,0,0,0,0,0,0,0,0,0,0,0
2023-07,서초구,2023,7,5,0,1,5,0,6,6,1,4,1,3
2023-07,성동구,2023,7,1,0,1,0,0,1,1,1,0,1,0
2023-07,성북구,2023,7,1,0,0,0,1,1,1,0,1,0,1
2023-07,송파구,2023,7,6,0,2,3,1,6,6,2,5,1,2
2023-07,양천구,2023,7,2,0,0,2,0,2,2,0,2,0,1
2023-07,영등포구,2023,7,3,0,3,0,0,3,3,3,1,2,1
2023-07,용산구,2023,7,1,0,0,1,0,1,1,0,1,0,1
2023-07,은평구,2023,7,0,0,0,0,0,0,0,0,0,0,0
2023-07,종로구,2023,7,4,0,0,4,0,4,4,0,2,2,1
2023-07,중구,2023,7,2,0,0,2,0,2,2,0,1,1,0
2023-07,중랑구,2023,7,1,0,1,0,1,2,2,1,1,0,0
2023-08,강남구,2023,8,14,0,1,9,5,15,15,1,9,5,6
2023-08,강동구,2023,8,1,0,1,0,0,1,1,1,1,0,1
2023-08,강북구,2023,8,3,0,1,1,1,3,3,1,3,0,2
2023-08,강서구,2023,8,1,0,0,1,0,1,1,0,0,1,0
2023-08,관악구,2023,8,2,0,0,2,0,2,2,0,2,0,0
2023-08,광진구,2023,8,6,0,1,3,3,7,7,1,5,2,3
2023-08,구로구,2023,8,2,0,0,1,1,2,2,0,1,1,1
2023-08,금천구,2023,8,1,0,1,1,0,2,2,1,1,0,0
2023-08,노원구,2023,8,2,0,2,0,0,2,2,2,1,1,1
2023-08,도봉구,2023,8,2,0,0,0,2,2,2,0,2,0,1
2023-08,동대문구,2023,8,3,0,1,1,1,3,3,1,2,1,0
2023-08,동작구,2023,8,2,0,1,1,0,2,2,1,2,0,2
2023-08,마포구,2023,8,4,0,2,1,1,4,4,2,3,1,2
2023-08,서대문구,2023,8,1,0,0,1,0,1,1,0,0,1,0
2023-08,서초구,2023,8,3,0,3,0,0,3,3,3,2,1,0
2023-08,성동구,2023,8,0,0,0,0,0,0,0,0,0,0,0
2023-08,성북구,2023,8,1,0,1,0,0,1,1,1,1,0,1
2023-08,송파구,2023,8,10,0,3,6,3,12,12,3,8,2,1
2023-08,양천구,2023,8,1,0,0,2,0,2,2,0,0,1,1
2023-08,영등포구,2023,8,3,0,0,1,2,3,3,0,3,0,0
2023-08,용산구,2023,8,0,0,0,0,0,0,0,0,0,0,0
2023-08,은평구,2023,8,1,0,1,0,0,1,1,1,1,0,0
2023-08,종로구,2023,8,0,0,0,0,0,0,0,0,0,0,0
2023-08,중구,2023,8,2,0,0,2,1,3,3,0,2,0,2
2023-08,중랑구,2023,8,0,0,0,0,0,0,0,0,0,0,0
2023-09,강남구,2023,9,8,0,2,3,4,9,9,2,5,3,5
2023-09,강동구,2023,9,2,0,0,4,0,4,4,0,1,1,0
2023-09,강북구,2023,9,0,0,0,0,0,0,0,0,0,0,0
2023-09,강서구,2023,9,6,0,1,3,3,7,7,1,3,3,1
2023-09,관악구,2023,9,2,0,0,2,0,2,2,0,2,0,1
2023-09,광진구,2023,9,3,0,0,3,0,3,3,0,3,0,1
2023-09,구로구,2023,9,4,0,2,2,0,4,4,2,3,1,4
2023-09,금천구,2023,9,2,0,1,0,1,2,2,1,2,0,1
2023-09,노원구,2023,9,4,0,1,2,1,4,4,1,2,2,3
2023-09,도봉구,2023,9,2,0,1,0,1,2,2,1,2,0,2
2023-09,동대문구,2023,9,0,0,0,0,0,0,0,0,0,0,0
2023-09,동작구,2023,9,1,0,0,1,0,1,1,0,1,0,1
2023-09,마포구,2023,9,5,0,1,5,0,6,6,1,5,0,3
2023-09,서대문구,2023,9,2,0,0,1,1,2,2,0,1,1,2
2023-09,서초구,2023,9,2,0,2,0,0,2,2,2,2,0,1
2023-09,성동구,2023,9,0,0,0,0,0,0,0,0,0,0,0
2023-09,성북구,2023,9,3,0,1,2,0,3,3,1,2,1,0
2023-09,송파구,2023,9,7,0,2,6,1,9,9,2,6,1,3
2023-09,양천구,2023,9,0,0,0,0,0,0,0,0,0,0,0
2023-09,영등포구,2023,9,4,0,3,1,0,4,4,3,4,0,1
2023-09,용산구,2023,9,0,0,0,0,0,0,0,0,0,0,0
2023-09,은평구,2023,9,0,0,0,0,0,0,0,0,0,0,0
2023-09,종로구,2023,9,2,0,0,2,0,2,2,0,1,1,1
2023-09,중구,2023,9,0,0,0,0,0,0,0,0,0,0,0
2023-09,중랑구,2023,9,2,0,0,3,0,3,3,0,2,0,0
2023-10,강남구,2023,10,17,0,1,14,3,18,18,1,16,1,4
2023-10,강동구,2023,10,1,0,1,0,0,1,1,1,1,0,1
2023-10,강북구,2023,10,1,0,0,1,0,1,1,0,1,0,0
2023-10,강서구,2023,10,3,0,1,2,1,4,4,1,2,1,0
2023-10,관악구,2023,10,4,0,1,2,1,4,4,1,4,0,1
2023-10,광진구,2023,10,2,0,0,3,0,3,3,0,1,1,1
2023-10,구로구,2023,10,3,0,1,2,1,4,4,1,2,1,3
2023-10,금천구,2023,10,4,0,1,5,1,7,7,1,4,0,2
2023-10,노원구,2023,10,8,0,2,5,1,8,8,2,7,1,3
2023-10,도봉구,2023,10,0,0,0,0,0,0,0,0,0,0,0
2023-10,동대문구,2023,10,2,0,0,2,0,2,2,0,2,0,2
2023-10,동작구,2023,10,3,0,1,0,2,3,3,1,3,0,0
2023-10,마포구,2023,10,2,0,2,0,0,2,2,2,1,1,1
2023-10,서대문구,2023,10,1,0,1,0,0,1,1,1,1,0,0
2023-10,서초구,2023,10,5,0,1,3,1,5,5,1,5,0,3
2023-10,성동구,2023,10,1,0,0,1,0,1,1,0,0,1,0
2023-10,성북구,2023,10,3,0,1,1,1,3,3,1,3,0,0
2023-10,송파구,2023,10,10,0,5,6,1,12,12,5,8,2,4
2023-10,양천구,2023,10,3,0,1,2,0,3,3,1,1,2,1
2023-10,영등포구,2023,10,2,0,0,2,0,2,2,0,1,1,2
2023-10,용산구,2023,10,1,0,0,1,0,1,1,0,1,0,0
2023-10,은평구,2023,10,2,0,1,2,0,3,3,1,0,2,2
2023-10,종로구,2023,10,3,0,1,2,0,3,3,1,2,1,2
2023-10,중구,2023,10,2,0,1,1,0,2,2,1,2,0,0
2023-10,중랑구,2023,10,3,0,0,2,1,3,3,0,2,1,2
2023-11,강남구,2023,11,12,1,0,8,4,12,13,1,10,2,2
2023-11,강동구,2023,11,4,0,1,3,0,4,4,1,2,2,2
2023-11,강북구,2023,11,0,0,0,0,0,0,0,0,0,0,0
2023-11,강서구,2023,11,1,0,0,0,1,1,1,0,1,0,1
2023-11,관악구,2023,11,0,0,0,0,0,0,0,0,0,0,0
2023-11,광진구,2023,11,4,0,0,4,0,4,4,0,1,3,2
2023-11,구로구,2023,11,1,0,0,2,0,2,2,0,1,0,1
2023-11,금천구,2023,11,1,0,0,1,0,1,1,0,1,0,0
2023-11,노원구,2023,11,2,0,1,1,0,2,2,1,1,1,1
2023-11,도봉구,2023,11,1,0,0,1,0,1,1,0,0,1,0
2023-11,동대문구,2023,11,2,0,1,0,1,2,2,1,1,1,1
2023-11,동작구,2023,11,2,0,1,1,0,2,2,1,1,1,1
2023-11,마포구,2023,11,2,0,1,1,0,2,2,1,2,0,0
2023-11,서대문구,2023,11,1,0,0,1,0,1,1,0,1,0,1
2023-11,서초구,2023,11,3,0,1,2,0,3,3,1,2,1,0
2023-11,성동구,2023,11,1,0,0,1,0,1,1,0,1,0,0
2023-11,성북구,2023,11,1,1,0,0,0,0,1,1,0,1,0
2023-11,송파구,2023,11,4,0,1,5,0,6,6,1,4,0,1
2023-11,양천구,2023,11,0,0,0,0,0,0,0,0,0,0,0
2023-11,영등포구,2023,11,2,0,1,1,0,2,2,1,1,1,0
2023-11,용산구,2023,11,0,0,0,0,0,0,0,0,0,0,0
2023-11,은평구,2023,11,3,0,0,3,0,3,3,0,3,0,0
2023-11,종로구,2023,11,0,0,0,0,0,0,0,0,0,0,0
2023-11,중구,2023,11,2,0,2,2,0,4,4,2,2,0,2
2023-11,중랑구,2023,11,0,0,0,0,0,0,0,0,0,0,0
2023-12,강남구,2023,12,5,0,3,1,1,5,5,3,4,1,2
2023-12,강동구,2023,12,1,0,0,1,0,1,1,0,0,1,0
2023-12,강북구,2023,12,0,0,0,0,0,0,0,0,0,0,0
2023-12,강서구,2023,12,1,0,0,1,0,1,1,0,1,0,0
2023-12,관악구,2023,12,2,0,2,0,0,2,2,2,0,2,1
2023-12,광진구,2023,12,2,0,2,0,0,2,2,2,0,2,1
2023-12,구로구,2023,12,1,0,0,0,1,1,1,0,1,0,1
2023-12,금천구,2023,12,0,0,0,0,0,0,0,0,0,0,0
2023-12,노원구,2023,12,4,0,1,1,2,4,4,1,4,0,1
2023-12,도봉구,2023,12,1,0,1,0,0,1,1,1,0,1,0
2023-12,동대문구,2023,12,1,0,0,0,1,1,1,0,1,0,1
2023-12,동작구,2023,12,4,0,2,1,1,4,4,2,3,1,2
2023-12,마포구,2023,12,4,0,2,1,1,4,4,2,3,1,2
2023-12,서대문구,2023,12,3,0,4,0,0,4,4,4,3,0,1
2023-12,서초구,2023,12,1,0,0,0,1,1,1,0,1,0,0
2023-12,성동구,2023,12,0,0,0,0,0,0,0,0,0,0,0
2023-12,성북구,2023,12,0,0,0,0,0,0,0,0,0,0,0
2023-12,송파구,2023,12,5,0,1,4,1,6,6,1,2,3,1
2023-12,양천구,2023,12,0,0,0,0,0,0,0,0,0,0,0
2023-12,영등포구,2023,12,4,0,1,3,0,4,4,1,4,0,2
2023-12,용산구,2023,12,2,0,0,2,0,2,2,0,2,0,1
2023-12,은평구,2023,12,0,0,0,0,0,0,0,0,0,0,0
2023-12,종로구,2023,12,0,0,0,0,0,0,0,0,0,0,0
2023-12,중구,2023,12,1,0,0,1,0,1,1,0,1,0,1
2023-12,중랑구,2023,12,2,0,1,1,0,2,2,1,1,1,0
2024-01,강남구,2024,1,5,0,0,4,1,5,5,0,3,2,1
2024-01,강동구,2024,1,1,0,1,0,0,1,1,1,0,1,0
2024-01,강북구,2024,1,0,0,0,0,0,0,0,0,0,0,0
2024-01,강서구,2024,1,2,0,0,2,0,2,2,0,1,1,0
2024-01,관악구,2024,1,0,0,0,0,0,0,0,0,0,0,0
2024-01,광진구,2024,1,0,0,0,0,0,0,0,0,0,0,0
2024-01,구로구,2024,1,2,0,0,2,0,2,2,0,0,1,1
2024-01,금천구,2024,1,2,0,0,1,1,2,2,0,2,0,2
2024-01,노원구,2024,1,1,0,0,1,0,1,1,0,0,1,1
2024-01,도봉구,2024,1,0,0,0,0,0,0,0,0,0,0,0
2024-01,동대문구,2024,1,0,0,0,0,0,0,0,0,0,0,0
2024-01,동작구,2024,1,1,0,1,0,0,1,1,1,1,0,1
2024-01,마포구,2024,1,0,0,0,0,0,0,0,0,0,0,0
2024-01,서대문구,2024,1,0,0,0,0,0,0,0,0,0,0,0
2024-01,서초구,2024,1,1,0,0,1,0,1,1,0,1,0,1
2024-01,성동구,2024,1,0,0,0,0,0,0,0,0,0,0,0
2024-01,성북구,2024,1,0,0,0,0,0,0,0,0,0,0,0
2024-01,송파구,2024,1,1,0,0,1,2,3,3,0,1,0,1
2024-01,양천구,2024,1,4,0,1,3,0,4,4,1,2,1,3
2024-01,영등포구,2024,1,0,0,0,0,0,0,0,0,0,0,0
2024-01,용산구,2024,1,0,0,0,0,0,0,0,0,0,0,0
2024-01,은평구,2024,1,0,0,0,0,0,0,0,0,0,0,0
2024-01,종로구,2024,1,1,0,0,2,0,2,2,0,1,1,0
2024-01,중구,2024,1,1,0,0,2,0,2,2,0,1,0,1
2024-01,중랑구,2024,1,1,0,0,1,0,1,1,0,0,1,1
2024-02,강남구,2024,2,5,0,0,4,1,5,5,0,3,1,1
2024-02,강동구,2024,2,0,0,0,0,0,0,0,0,0,0,0
2024-02,강북구,2024,2,0,0,0,0,0,0,0,0,0,0,0
2024-02,강서구,2024,2,0,0,0,0,0,0,0,0,0,0,0
2024-02,관악구,2024,2,2,0,0,2,0,2,2,0,2,0,1
2024-02,광진구,2024,2,0,0,0,0,0,0,0,0,0,0,0
2024-02,구로구,2024,2,3,0,1,1,1,3,3,1,3,0,1
2024-02,금천구,2024,2,1,0,0,1,0,1,1,0,1,0,1
2024-02,노원구,2024,2,2,0,2,1,0,3,3,2,0,2,0
2024-02,도봉구,2024,2,0,0,0,0,0,0,0,0,0,0,0
2024-02,동대문구,2024,2,3,0,1,2,0,3,3,1,1,1,2
2024-02,동작구,2024,2,2,0,1,1,0,2,2,1,2,0,2
2024-02,마포구,2024,2,0,0,0,0,0,0,0,0,0,0,0
2024-02,서대문구,2024,2,0,0,0,0,0,0,0,0,0,0,0
2024-02,서초구,2024,2,1,0,1,0,0,1,1,1,1,0,0
2024-02,성동구,2024,2,2,0,1,1,0,2,2,1,1,1,1
2024-02,성북구,2024,2,1,0,0,1,0,1,1,0,0,0,1
2024-02,송파구,2024,2,1,0,0,1,0,1,1,0,0,1,1
2024-02,양천구,2024,2,2,0,0,3,0,3,3,0,1,0,1
2024-02,영등포구,2024,2,0,0,0,0,0,0,0,0,0,0,0
2024-02,용산구,2024,2,0,0,0,0,0,0,0,0,0,0,0
2024-02,은평구,2024,2,0,0,0,0,0,0,0,0,0,0,0
2024-02,종로구,2024,2,3,0,0,3,0,3,3,0,2,1,1
2024-02,중구,2024,2,0,0,0,0,0,0,0,0,0,0,0
2024-02,중랑구,2024,2,1,0,1,0,0,1,1,1,1,0,1
2024-03,강남구,2024,3,7,0,2,2,5,9,9,2,6,1,4
2024-03,강동구,2024,3,2,0,0,1,1,2,2,0,1,0,1
2024-03,강북구,2024,3,0,0,0,0,0,0,0,0,0,0,0
2024-03,강서구,2024,3,1,0,1,0,0,1,1,1,1,0,0
2024-03,관악구,2024,3,2,0,0,2,0,2,2,0,1,1,2
2024-03,광진구,2024,3,1,0,0,1,0,1,1,0,1,0,1
2024-03,구로구,2024,3,3,0,0,2,1,3,3,0,1,1,1
2024-03,금천구,2024,3,2,0,0,2,0,2,2,0,1,0,1
2024-03,노원구,2024,3,6,0,2,5,0,7,7,2,4,0,2
2024-03,도봉구,2024,3,1,0,1,0,0,1,1,1,0,1,1
2024-03,동대문구,2024,3,0,0,0,0,0,0,0,0,0,0,0
2024-03,동작구,2024,3,1,0,0,0,1,1,1,0,1,0,0
2024-03,마포구,2024,3,0,0,0,0,0,0,0,0,0,0,0
2024-03,서대문구,2024,3,0,0,0,0,0,0,0,0,0,0,0
2024-03,서초구,2024,3,0,0,0,0,0,0,0,0,0,0,0
2024-03,성동구,2024,3,1,0,0,1,0,1,1,0,1,0,0
2024-03,성북구,2024,3,0,0,0,0,0,0,0,0,0,0,0
2024-03,송파구,2024,3,5,0,0,4,1,5,5,0,5,0,2
2024-03,양천구,2024,3,0,0,0,0,0,0,0,0,0,0,0
2024-03,영등포구,2024,3,3,0,2,2,0,4,4,2,2,1,1
2024-03,용산구,2024,3,0,0,0,0,0,0,0,0,0,0,0
2024-03,은평구,2024,3,2,0,0,2,0,2,2,0,0,2,1
2024-03,종로구,2024,3,0,0,0,0,0,0,0,0,0,0,0
2024-03,중구,2024,3,1,0,1,0,0,1,1,1,1,0,0
2024-03,중랑구,2024,3,0,0,0,0,0,0,0,0,0,0,0
2024-04,강남구,2024,4,13,0,1,8,6,15,15,1,12,1,5
2024-04,강동구,2024,4,1,0,1,0,0,1,1,1,1,0,0
2024-04,강북구,2024,4,0,0,0,0,0,0,0,0,0,0,0
2024-04,강서구,2024,4,4,0,2,0,2,4,4,2,4,0,2
2024-04,관악구,2024,4,0,0,0,0,0,0,0,0,0,0,0
2024-04,광진구,2024,4,0,0,0,0,0,0,0,0,0,0,0
2024-04,구로구,2024,4,2,0,0,2,0,2,2,0,2,0,2
2024-04,금천구,2024,4,0,0,0,0,0,0,0,0,0,0,0
2024-04,노원구,2024,4,1,0,0,1,0,1,1,0,1,0,0
2024-04,도봉구,2024,4,2,0,0,3,0,3,3,0,2,0,1
2024-04,동대문구,2024,4,1,0,0,1,0,1,1,0,0,1,1
2024-04,동작구,2024,4,3,0,0,1,3,4,4,0,3,1,1
2024-04,마포구,2024,4,2,0,0,2,0,2,2,0,2,0,0
2024-04,서대문구,2024,4,3,0,0,3,0,3,3,0,1,2,1
2024-04,서초구,2024,4,4,0,2,4,0,6,6,2,3,0,0
2024-04,성동구,2024,4,0,0,0,0,0,0,0,0,0,0,0
2024-04,성북구,2024,4,2,0,0,2,0,2,2,0,2,0,1
2024-04,송파구,2024,4,7,0,1,10,0,11,11,1,5,2,4
2024-04,양천구,2024,4,0,0,0,0,0,0,0,0,0,0,0
2024-04,영등포구,2024,4,3,0,1,1,1,3,3,1,0,3,2
2024-04,용산구,2024,4,1,0,0,1,0,1,1,0,0,1,1
2024-04,은평구,2024,4,3,0,1,3,0,4,4,1,1,2,1
2024-04,종로구,2024,4,1,0,0,1,0,1,1,0,1,0,0
2024-04,중구,2024,4,4,0,0,4,1,5,5,0,2,2,0
2024-04,중랑구,2024,4,2,0,1,0,1,2,2,1,2,0,1
2024-05,강남구,2024,5,7,0,1,5,1,7,7,1,7,0,1
2024-05,강동구,2024,5,6,0,1,5,0,6,6,1,3,2,3
2024-05,강북구,2024,5,0,0,0,0,0,0,0,0,0,0,0
2024-05,강서구,2024,5,4,0,1,4,1,6,6,1,2,1,1
2024-05,관악구,2024,5,1,0,1,0,0,1,1,1,1,0,1
2024-05,광진구,2024,5,2,0,0,2,0,2,2,0,2,0,1
2024-05,구로구,2024,5,1,0,0,1,0,1,1,0,1,0,0
2024-05,금천구,2024,5,0,0,0,0,0,0,0,0,0,0,0
2024-05,노원구,2024,5,2,0,0,2,0,2,2,0,2,0,0
2024-05,도봉구,2024,5,2,0,1,1,0,2,2,1,1,0,0
2024-05,동대문구,2024,5,4,0,1,4,1,6,6,1,2,1,2
2024-05,동작구,2024,5,0,0,0,0,0,0,0,0,0,0,0
2024-05,마포구,2024,5,6,0,0,5,1,6,6,0,5,1,3
2024-05,서대문구,2024,5,1,0,0,1,0,1,1,0,0,1,1
2024-05,서초구,2024,5,4,0,2,2,0,4,4,2,3,1,1
2024-05,성동구,2024,5,3,0,0,5,0,5,5,0,2,0,1
2024-05,성북구,2024,5,2,0,1,0,1,2,2,1,2,0,1
2024-05,송파구,2024,5,12,0,2,10,2,14,14,2,9,2,4
2024-05,양천구,2024,5,0,0,0,0,0,0,0,0,0,0,0
2024-05,영등포구,2024,5,4,0,1,3,0,4,4,1,3,0,0
2024-05,용산구,2024,5,1,0,0,1,0,1,1,0,0,1,0
2024-05,은평구,2024,5,3,0,0,3,0,3,3,0,3,0,1
2024-05,종로구,2024,5,1,0,0,1,0,1,1,0,0,0,0
2024-05,중구,2024,5,0,0,0,0,0,0,0,0,0,0,0
2024-05,중랑구,2024,5,1,0,0,1,0,1,1,0,1,0,1
2024-06,강남구,2024,6,17,0,6,12,0,18,18,6,12,5,9
2024-06,강동구,2024,6,4,0,1,3,1,5,5,1,1,3,1
2024-06,강북구,2024,6,2,0,0,2,0,2,2,0,2,0,0
2024-06,강서구,2024,6,1,0,0,1,0,1,1,0,1,0,0
2024-06,관악구,2024,6,3,0,0,4,0,4,4,0,1,1,1
2024-06,광진구,2024,6,2,0,0,2,0,2,2,0,1,1,0
2024-06,구로구,2024,6,1,0,1,0,0,1,1,1,0,1,1
2024-06,금천구,2024,6,3,0,0,2,1,3,3,0,2,0,1
2024-06,노원구,2024,6,5,0,1,4,0,5,5,1,3,1,1
2024-06,도봉구,2024,6,1,0,0,1,0,1,1,0,0,0,0
2024-06,동대문구,2024,6,3,0,1,2,0,3,3,1,2,1,1
2024-06,동작구,2024,6,1,0,0,0,3,3,3,0,0,1,1
2024-06,마포구,2024,6,4,0,0,3,1,4,4,0,2,0,2
2024-06,서대문구,2024,6,0,0,0,0,0,0,0,0,0,0,0
2024-06,서초구,2024,6,1,0,0,1,0,1,1,0,1,0,1
2024-06,성동구,2024,6,0,0,0,0,0,0,0,0,0,0,0
2024-06,성북구,2024,6,1,0,1,0,0,1,1,1,0,1,1
2024-06,송파구,2024,6,12,0,3,7,3,13,13,3,7,5,3
2024-06,양천구,2024,6,4,0,0,2,2,4,4,0,2,1,2
2024-06,영등포구,2024,6,2,0,0,0,3,3,3,0,2,0,1
2024-06,용산구,2024,6,0,0,0,0,0,0,0,0,0,0,0
2024-06,은평구,2024,6,4,0,2,2,0,4,4,2,2,3,3
2024-06,종로구,2024,6,2,0,0,1,1,2,2,0,1,0,0
2024-06,중구,2024,6,1,0,0,0,1,1,1,0,1,0,1
2024-06,중랑구,2024,6,0,0,0,0,0,0,0,0,0,0,0
2024-07,강남구,2024,7,12,0,0,11,1,12,12,0,10,2,6
2024-07,강동구,2024,7,2,0,0,3,0,3,3,0,1,1,2
2024-07,강북구,2024,7,1,0,1,1,0,2,2,1,1,0,1
2024-07,강서구,2024,7,4,0,2,3,0,5,5,2,2,2,2
2024-07,관악구,2024,7,2,0,1,1,0,2,2,1,0,2,1
2024-07,광진구,2024,7,2,0,1,1,0,2,2,1,1,1,0
2024-07,구로구,2024,7,1,0,0,1,0,1,1,0,1,0,0
2024-07,금천구,2024,7,2,0,0,2,0,2,2,0,1,1,1
2024-07,노원구,2024,7,2,0,0,2,0,2,2,0,2,0,1
2024-07,도봉구,2024,7,0,0,0,0,0,0,0,0,0,0,0
2024-07,동대문구,2024,7,2,0,0,2,1,3,3,0,1,1,1
2024-07,동작구,2024,7,2,0,1,2,0,3,3,1,2,0,1
2024-07,마포구,2024,7,3,0,1,1,1,3,3,1,2,1,1
2024-07,서대문구,2024,7,1,0,0,1,1,2,2,0,1,0,1
2024-07,서초구,2024,7,8,0,3,6,0,9,9,3,4,3,5
2024-07,성동구,2024,7,1,0,0,1,0,1,1,0,0,0,0
2024-07,성북구,2024,7,1,0,0,1,0,1,1,0,1,0,1
2024-07,송파구,2024,7,4,0,1,2,1,4,4,1,1,3,2
2024-07,양천구,2024,7,3,0,2,2,0,4,4,2,3,0,1
2024-07,영등포구,2024,7,1,0,0,1,0,1,1,0,1,0,0
2024-07,용산구,2024,7,2,0,1,1,0,2,2,1,2,0,2
2024-07,은평구,2024,7,0,0,0,0,0,0,0,0,0,0,0
2024-07,종로구,2024,7,1,0,0,0,1,1,1,0,1,0,0
2024-07,중구,2024,7,0,0,0,0,0,0,0,0,0,0,0
2024-07,중랑구,2024,7,1,0,0,0,1,1,1,0,1,0,0
2024-08,강남구,2024,8,24,0,6,17,3,26,26,6,17,7,9
2024-08,강동구,2024,8,1,0,0,1,0,1,1,0,1,0,1
2024-08,강북구,2024,8,3,0,0,3,0,3,3,0,2,1,2
2024-08,강서구,2024,8,4,0,1,1,2,4,4,1,2,2,3
2024-08,관악구,2024,8,3,0,1,3,0,4,4,1,2,1,3
2024-08,광진구,2024,8,1,0,1,0,0,1,1,1,0,1,1
2024-08,구로구,2024,8,2,0,1,1,0,2,2,1,0,1,1
2024-08,금천구,2024,8,1,0,0,1,0,1,1,0,1,0,1
2024-08,노원구,2024,8,4,0,0,4,0,4,4,0,4,0,3
2024-08,도봉구,2024,8,0,0,0,0,0,0,0,0,0,0,0
2024-08,동대문구,2024,8,1,0,1,0,0,1,1,1,1,0,1
2024-08,동작구,2024,8,3,0,1,1,1,3,3,1,3,0,2
2024-08,마포구,2024,8,2,0,0,1,1,2,2,0,1,1,2
2024-08,서대문구,2024,8,0,0,0,0,0,0,0,0,0,0,0
2024-08,서초구,2024,8,3,1,0,4,0,4,5,1,2,0,1
2024-08,성동구,2024,8,2,0,0,2,1,3,3,0,2,1,0
2024-08,성북구,2024,8,1,0,0,1,0,1,1,0,0,1,0
2024-08,송파구,2024,8,10,0,3,8,2,13,13,3,7,2,3
2024-08,양천구,2024,8,1,0,0,1,0,1,1,0,0,1,1
2024-08,영등포구,2024,8,1,0,1,0,0,1,1,1,1,0,1
2024-08,용산구,2024,8,0,0,0,0,0,0,0,0,0,0,0
2024-08,은평구,2024,8,2,0,1,1,0,2,2,1,1,1,0
2024-08,종로구,2024,8,1,0,0,1,0,1,1,0,1,0,1
2024-08,중구,2024,8,2,0,2,0,0,2,2,2,2,0,1
2024-08,중랑구,2024,8,5,0,0,3,2,5,5,0,4,1,2
2024-09,강남구,2024,9,14,0,1,12,1,14,14,1,9,4,3
2024-09,강동구,2024,9,3,0,1,2,0,3,3,1,3,0,1
2024-09,강북구,2024,9,1,0,1,0,0,1,1,1,1,0,0
2024-09,강서구,2024,9,7,0,0,4,3,7,7,0,4,3,5
2024-09,관악구,2024,9,2,0,1,2,0,3,3,1,2,0,0
2024-09,광진구,2024,9,3,0,1,2,0,3,3,1,2,1,2
2024-09,구로구,2024,9,1,0,1,0,0,1,1,1,1,0,0
2024-09,금천구,2024,9,2,0,0,3,0,3,3,0,1,0,2
2024-09,노원구,2024,9,3,0,0,3,0,3,3,0,3,0,1
2024-09,도봉구,2024,9,1,0,0,0,2,2,2,0,1,0,0
2024-09,동대문구,2024,9,3,0,0,3,0,3,3,0,2,0,1
2024-09,동작구,2024,9,1,0,0,1,0,1,1,0,1,0,0
2024-09,마포구,2024,9,2,0,0,2,0,2,2,0,1,1,0
2024-09,서대문구,2024,9,0,0,0,0,0,0,0,0,0,0,0
2024-09,서초구,2024,9,3,0,2,2,0,4,4,2,2,0,1
2024-09,성동구,2024,9,0,0,0,0,0,0,0,0,0,0,0
2024-09,성북구,2024,9,2,0,0,2,0,2,2,0,1,1,1
2024-09,송파구,2024,9,8,0,4,3,3,10,10,4,6,1,6
2024-09,양천구,2024,9,4,0,0,3,1,4,4,0,4,1,4
2024-09,영등포구,2024,9,2,0,1,1,1,3,3,1,2,0,0
2024-09,용산구,2024,9,0,0,0,0,0,0,0,0,0,0,0
2024-09,은평구,2024,9,6,0,1,2,4,7,7,1,4,2,3
2024-09,종로구,2024,9,0,0,0,0,0,0,0,0,0,0,0
2024-09,중구,2024,9,2,0,1,0,1,2,2,1,1,0,0
2024-09,중랑구,2024,9,3,0,0,2,1,3,3,0,2,1,0
2024-10,강남구,2024,10,6,0,3,3,0,6,6,3,6,0,2
2024-10,강동구,2024,10,3,0,1,2,0,3,3,1,3,0,1
2024-10,강북구,2024,10,2,0,0,2,0,2,2,0,2,0,2
2024-10,강서구,2024,10,1,0,0,0,1,1,1,0,1,0,0
2024-10,관악구,2024,10,4,0,3,1,0,4,4,3,2,2,1
2024-10,광진구,2024,10,1,0,0,1,0,1,1,0,1,0,1
2024-10,구로구,2024,10,2,0,1,2,0,3,3,1,1,0,0
2024-10,금천구,2024,10,2,0,1,0,1,2,2,1,1,1,1
2024-10,노원구,2024,10,3,0,1,1,1,3,3,1,2,1,1
2024-10,도봉구,2024,10,0,0,0,0,0,0,0,0,0,0,0
2024-10,동대문구,2024,10,1,0,1,0,0,1,1,1,1,0,0
2024-10,동작구,2024,10,1,0,0,1,0,1,1,0,1,0,1
2024-10,마포구,2024,10,3,0,0,3,0,3,3,0,2,1,2
2024-10,서대문구,2024,10,0,0,0,0,0,0,0,0,0,0,0
2024-10,서초구,2024,10,5,0,1,4,0,5,5,1,3,1,2
2024-10,성동구,2024,10,2,0,1,1,0,2,2,1,1,0,0
2024-10,성북구,2024,10,1,0,0,1,0,1,1,0,0,0,1
2024-10,송파구,2024,10,7,0,1,6,0,7,7,1,5,2,3
2024-10,양천구,2024,10,3,0,0,2,1,3,3,0,1,2,1
2024-10,영등포구,2024,10,3,0,1,2,0,3,3,1,0,2,2
2024-10,용산구,2024,10,0,0,0,0,0,0,0,0,0,0,0
2024-10,은평구,2024,10,3,0,1,1,1,3,3,1,3,0,1
2024-10,종로구,2024,10,1,0,0,1,0,1,1,0,1,0,0
2024-10,중구,2024,10,0,0,0,0,0,0,0,0,0,0,0
2024-10,중랑구,2024,10,1,0,1,0,0,1,1,1,1,0,1
2024-11,강남구,2024,11,11,0,2,10,0,12,12,2,7,4,4
2024-11,강동구,2024,11,1,0,1,0,0,1,1,1,1,0,1
2024-11,강북구,2024,11,1,0,0,2,0,2,2,0,1,0,0
2024-11,강서구,2024,11,3,0,0,3,1,4,4,0,3,0,2
2024-11,관악구,2024,11,4,0,1,2,2,5,5,1,3,1,2
2024-11,광진구,2024,11,2,0,2,0,0,2,2,2,2,0,1
2024-11,구로구,2024,11,0,0,0,0,0,0,0,0,0,0,0
2024-11,금천구,2024,11,1,0,0,2,0,2,2,0,0,0,1
2024-11,노원구,2024,11,2,0,0,2,0,2,2,0,1,1,2
2024-11,도봉구,2024,11,4,0,2,1,1,4,4,2,4,0,2
2024-11,동대문구,2024,11,3,0,0,2,2,4,4,0,2,1,1
2024-11,동작구,2024,11,0,0,0,0,0,0,0,0,0,0,0
2024-11,마포구,2024,11,2,0,0,2,0,2,2,0,2,0,1
2024-11,서대문구,2024,11,1,0,1,0,0,1,1,1,1,0,0
2024-11,서초구,2024,11,5,0,3,5,0,8,8,3,5,0,1
2024-11,성동구,2024,11,3,0,0,3,0,3,3,0,2,1,2
2024-11,성북구,2024,11,0,0,0,0,0,0,0,0,0,0,0
2024-11,송파구,2024,11,5,0,3,3,0,6,6,3,4,1,2
2024-11,양천구,2024,11,3,0,1,1,1,3,3,1,3,0,2
2024-11,영등포구,2024,11,2,0,1,1,0,2,2,1,2,0,0
2024-11,용산구,2024,11,0,0,0,0,0,0,0,0,0,0,0
2024-11,은평구,2024,11,0,0,0,0,0,0,0,0,0,0,0
2024-11,종로구,2024,11,0,0,0,0,0,0,0,0,0,0,0
2024-11,중구,2024,11,0,0,0,0,0,0,0,0,0,0,0
2024-11,중랑구,2024,11,1,0,0,1,0,1,1,0,0,1,1
2024-12,강남구,2024,12,3,0,0,1,2,3,3,0,2,1,0
2024-12,강동구,2024,12,1,0,1,0,0,1,1,1,1,0,0
2024-12,강북구,2024,12,0,0,0,0,0,0,0,0,0,0,0
2024-12,강서구,2024,12,4,0,2,2,0,4,4,2,2,1,1
2024-12,관악구,2024,12,2,0,0,2,0,2,2,0,2,0,2
2024-12,광진구,2024,12,2,0,1,1,0,2,2,1,2,0,0
2024-12,구로구,2024,12,0,0,0,0,0,0,0,0,0,0,0
2024-12,금천구,2024,12,0,0,0,0,0,0,0,0,0,0,0
2024-12,노원구,2024,12,1,0,0,1,0,1,1,0,1,0,0
2024-12,도봉구,2024,12,0,0,0,0,0,0,0,0,0,0,0
2024-12,동대문구,2024,12,1,0,0,1,0,1,1,0,1,0,1
2024-12,동작구,2024,12,2,0,1,1,0,2,2,1,1,1,2
2024-12,마포구,2024,12,1,0,0,0,1,1,1,0,1,0,0
2024-12,서대문구,2024,12,1,0,0,0,1,1,1,0,0,1,0
2024-12,서초구,2024,12,1,0,0,0,1,1,1,0,1,0,0
2024-12,성동구,2024,12,1,0,1,0,0,1,1,1,0,1,1
2024-12,성북구,2024,12,0,0,0,0,0,0,0,0,0,0,0
2024-12,송파구,2024,12,8,0,1,5,4,10,10,1,6,2,5
2024-12,양천구,2024,12,2,0,0,2,0,2,2,0,1,0,1
2024-12,영등포구,2024,12,3,0,1,3,0,4,4,1,3,0,1
2024-12,용산구,2024,12,0,0,0,0,0,0,0,0,0,0,0
2024-12,은평구,2024,12,1,0,0,0,1,1,1,0,1,0,0
2024-12,종로구,2024,12,1,0,0,1,0,1,1,0,0,1,1
2024-12,중구,2024,12,0,0,0,0,0,0,0,0,0,0,0
2024-12,중랑구,2024,12,4,0,1,2,1,4,4,1,3,1,1
